,Hydrocarbon name,Exp,New,Dev,Albahri,Dev.1,Albahri–George,Dev.2,Chen et al.,Dev.3,Temp,Ref,SMILES,Split
0,Methane,868 [23],859.0,?9,780,?88,730,?138,750,?118,868.0,23.0,C,Train
1,Propane,723 [22],726.0,3,680,?43,640,?83,673,?50,723.0,22.0,CCC,Train
2,Butane,645 [4],660.0,15,632,?13,611,?34,643,?2,645.0,4.0,CCCC,Train
3,2-Methylpropane,"733 [22, 23]",734.0,1,701,?32,648,?85,680,?53,733.0,22.0,CC(C)C,Train
4,Pentane,538 [4],506.0,?32,586,48,581,43,614,76,538.0,4.0,CCCCC,Train
5,"2,2-Dimethylpropane","723 [22, 23]",726.0,3,749,26,709,?14,707,?16,723.0,22.0,CC(C)(C)C,Train
6,2-Methylbutane,"693 [22, 23]",726.0,33,652,?41,619,?74,650,?43,693.0,22.0,CCC(C)C,Train
7,Hexane,497 [23],498.0,1,547,50,552,54,587,90,497.0,23.0,CCCCCC,Train
8,"2,2-Dimethylbutane",678 [23],718.0,40,702,24,684,5,677,?1,678.0,23.0,CCC(C)(C)C,Train
9,2-Methylpentane,"579 [22, 23]",556.0,?23,605,26,589,10,621,42,579.0,22.0,CCCC(C)C,Train
10,3-Methylpentane,573 [22],556.0,?17,605,32,589,16,621,48,573.0,22.0,CCC(C)CC,Train
11,Heptane,486 [4],489.0,3,515,29,522,36,561,75,486.0,4.0,CCCCCCC,Train
12,"3,3-Dimethylpentane",610 [23],612.0,2,653,43,656,46,647,37,610.0,23.0,CCC(C)(C)CC,Train
13,"2,4-Dimethylpentane","610 [22, 23]",612.0,2,624,14,597,?13,628,18,610.0,22.0,CC(C)CC(C)C,Train
14,"2,3-Dimethylpentane","610 [22, 23]",612.0,2,624,14,597,?13,628,18,610.0,22.0,CCC(C)C(C)C,Train
15,2-Methylhexane,553 [23],548.0,?5,563,9,560,6,593,40,553.0,23.0,CCCCC(C)C,Train
16,3-Methylhexane,"553 [22, 23]",548.0,?5,563,9,560,6,593,40,553.0,22.0,CCCC(C)CC,Train
17,"2,2,3-Trimethylbutane",723 [23],710.0,?13,722,?1,691,?32,685,?39,723.0,23.0,CC(C)C(C)(C)C,Train
18,Octane,483 [23],481.0,?2,492,9,495,12,539,56,483.0,23.0,CCCCCCCC,Train
19,"2,3,4-Trimethylpentane",700 [23],701.0,1,644,?56,606,?95,635,?65,700.0,23.0,CC(C)C(C)C(C)C,Train
20,"3,4-Dimethylhexane",588 [23],604.0,16,580,?8,568,?20,600,12,588.0,23.0,CCC(C)C(C)CC,Train
21,"2,2,4-Trimethylpentane",683 [23],701.0,18,673,?10,664,?19,655,?29,683.0,23.0,CC(C)CC(C)(C)C,Train
22,"3,3-Dimethylhexane",610 [23],604.0,?6,606,?4,627,17,618,8,610.0,23.0,CCCC(C)(C)CC,Train
23,"2,3-Dimethylhexane",588 [23],604.0,16,580,?8,568,?20,600,12,588.0,23.0,CCCC(C)C(C)C,Train
24,"2,4-Dimethylhexane",588 [23],604.0,16,580,?8,568,?20,600,12,588.0,23.0,CCC(C)CC(C)C,Train
25,"2,5-Dimethylhexane",588 [23],604.0,16,580,?8,568,?20,600,12,588.0,23.0,CC(C)CCC(C)C,Train
26,"2,3,3-Trimethylpentane",703 [23],701.0,?2,673,?30,664,?39,655,?49,703.0,23.0,CCC(C)(C)C(C)C,Train
27,2-Methylheptane,520 [23],503.0,?17,527,7,530,10,567,47,520.0,23.0,CCCCCC(C)C,Train
28,3-Methylheptane,518 [22],499.0,?19,527,9,530,12,567,49,518.0,22.0,CCCCC(C)CC,Train
29,"2,2-Dimethylhexane",610 [22],604.0,?6,606,?4,627,17,618,8,610.0,22.0,CCCCC(C)(C)C,Train
30,Nonane,485 [23],473.0,?5,478,0,469,?9,520,42,485.0,23.0,CCCCCCCCC,Train
31,4-Methyloctane,493 [23],495.0,2,500,7,502,9,544,51,493.0,23.0,CCCCC(C)CCC,Train
32,2-Methyloctane,493 [23],495.0,2,500,7,502,9,544,51,493.0,23.0,CCCCCCC(C)C,Train
33,3-Methyloctane,493 [23],495.0,2,500,7,502,9,544,51,493.0,23.0,CCCCCC(C)CC,Train
34,"2,2,3,4-Tetramethylpentane",703 [23],693.0,?10,694,?9,671,?32,662,?41,703.0,23.0,CC(C)C(C)C(C)(C)C,Train
35,"2,2,4,4-Tetramethylpentane",703 [23],693.0,?10,723,20,722,19,681,?22,703.0,23.0,CC(C)(C)CC(C)(C)C,Train
36,"2,2,3,3-Tetramethylpentane",703 [22],693.0,?10,723,20,722,19,681,?22,703.0,22.0,CCC(C)(C)C(C)(C)C,Train
37,"2,3,3,4-Tetramethylpentane",703 [22],693.0,?10,694,?9,671,?32,662,?41,703.0,22.0,CC(C)C(C)(C)C(C)C,Train
38,Tetraethylmethane,563 [23],531.0,?32,563,0,598,35,590,27,563.0,23.0,CCC(CC)(CC)CC,Train
39,"2,4-Dimethyl-3-ethylpentane",663 [23],693.0,30,598,?66,576,?87,607,?56,663.0,23.0,CCC(C(C)C)C(C)C,Train
40,"2,2,5-Trimethylhexane",623 [22],596.0,?27,625,2,635,12,625,2,623.0,22.0,CC(C)CCC(C)(C)C,Train
41,"2,2-Dimethylheptane",588 [22],596.0,8,563,?25,598,10,590,2,588.0,22.0,CCCCCC(C)(C)C,Train
42,Decane,478 [23],465.0,?13,473,?5,446,?32,505,27,478.0,23.0,CCCCCCCCCC,Train
43,3-Methylnonane,487 [23],486.0,?1,483,?4,476,?11,524,37,487.0,23.0,CCCCCCC(C)CC,Train
44,2-Methylnonane,487 [22],486.0,?1,483,?4,476,?11,524,37,487.0,22.0,CCCCCCCC(C)C,Train
45,4-Methylnonane,485 [22],486.0,1,483,?2,476,?9,524,39,485.0,22.0,CCCCCC(C)CCC,Train
46,5-Methylnonane,485 [22],486.0,1,483,?2,476,?9,524,39,485.0,22.0,CCCCC(C)CCCC,Train
47,"3,3,5-Trimethylheptane",655 [22],685.0,30,580,?75,606,?49,597,?58,655.0,22.0,CCC(C)CC(C)(C)CC,Train
48,"2,2,3,3-Tetramethylhexane",714 [22],685.0,?29,674,?40,698,?16,651,?63,714.0,22.0,CCCC(C)(C)C(C)(C)C,Train
49,"2,2,5,5-Tetramethylhexane",752 [22],685.0,?67,674,?78,698,?54,651,?101,752.0,22.0,CC(C)(C)CCC(C)(C)C,Train
50,"2,2-Dimethyloctane",571 [22],588.0,17,528,?43,568,?3,565,?6,571.0,22.0,CCCCCCC(C)(C)C,Train
51,Undecane,513 [23],515.0,2,476,?37,427,?86,495,?18,513.0,23.0,CCCCCCCCCCC,Train
52,3-Methylundecane,480 [22],470.0,?10,474,?6,432,?48,497,17,480.0,22.0,CCCCCCCCC(C)CC,Train
53,Dodecane,473 [23],506.0,33,484,11,413,?60,490,17,473.0,23.0,CCCCCCCCCCCC,Train
54,Tridecane,475 [23],498.0,23,496,21,404,?71,491,16,475.0,23.0,CCCCCCCCCCCCC,Train
55,Tetradecane,493 [23],490.0,?3,507,14,402,?91,499,6,493.0,23.0,CCCCCCCCCCCCCC,Train
56,Pentadecane,475 [23],482.0,7,514,39,407,?68,514,39,475.0,23.0,CCCCCCCCCCCCCCC,Train
57,Heptadecane,475 [23],465.0,?10,492,17,445,?30,569,94,475.0,23.0,CCCCCCCCCCCCCCCCC,Train
58,Octadecane,508 [23],475.0,?33,452,?56,480,?29,609,101,508.0,23.0,CCCCCCCCCCCCCCCCCC,Train
59,Nonadecae,478 [23],475.0,?3,383,?95,526,48,660,182,478.0,23.0,CCCCCCCCCCCCCCCCCCC,Train
60,Eicosane,"475 [22, 23]",475.0,0,276,?199,587,112,721,246,475.0,22.0,CCCCCCCCCCCCCCCCCCCC,Train
61,Henicosane,"475 [22, 23]",475.0,0,124,?351,662,187,794,319,475.0,22.0,CCCCCCCCCCCCCCCCCCCCC,Train
62,Tricosane,475 [22],475.0,0,?358,,863,388,974,499,475.0,22.0,CCCCCCCCCCCCCCCCCCCCCCC,Train
63,n-Tetracosane,475 [22],475.0,0,?709,,992,517,"1,084",609,475.0,22.0,CCCCCCCCCCCCCCCCCCCCCCCC,Train
64,Pentacosane,475 [22],475.0,0,"?1,149",,"1,141",666,"1,207",732,475.0,22.0,CCCCCCCCCCCCCCCCCCCCCCCCC,Train
65,Hexacosane,475 [22],475.0,0,"?1,690",,"1,312",837,"1,344",869,475.0,22.0,CCCCCCCCCCCCCCCCCCCCCCCCCC,Train
66,Heptacosane,475 [22],475.0,0,"?2,346",,"1,508","1,033","1,497","1,022",475.0,22.0,CCCCCCCCCCCCCCCCCCCCCCCCCCC,Train
67,n-Octacosane,475 [22],475.0,0,"?3,131",,"1,729","1,254","1,665","1,190",475.0,22.0,CCCCCCCCCCCCCCCCCCCCCCCCCCCC,Train
68,Nonacosane,475 [22],475.0,0,"?4,061",,"1,977","1,502","1,849","1,374",475.0,22.0,CCCCCCCCCCCCCCCCCCCCCCCCCCCCC,Train
69,Cyclopropane,771 [23],768.0,?3,668,"?1,03",640,?131,662,?110,771.0,23.0,C1CC1,Train
70,Cyclobutane,"700 [22, 23]",701.0,1,629,?71,606,?94,632,?68,700.0,22.0,C1CCC1,Train
71,Cyclopentane,653 [23],635.0,?18,591,?62,572,?81,604,?49,653.0,23.0,C1CCCC1,Train
72,Cyclohexane,518 [23],481.0,?37,558,40,538,20,577,59,518.0,23.0,C1CCCCC1,Train
73,Methylcyclopentane,588 [23],557.0,?31,602,14,555,?33,603,14,588.0,23.0,CC1CCCC1,Train
74,Cycloheptane,428 [22],473.0,45,529,101,505,77,553,125,428.0,22.0,C1CCCCCC1,Train
75,Methylcyclohexane,533 [23],549.0,16,568,34,522,?11,576,43,533.0,23.0,CC1CCCCC1,Train
76,Ethylcyclopentane,"533 [22, 23]",549.0,16,560,27,526,?7,576,43,533.0,22.0,CCC1CCCC1,Train
77,Cyclooctane,430 [22],465.0,35,506,76,475,45,532,102,430.0,22.0,C1CCCCCCC1,Train
78,n-Propylcyclopentane,"542 [22, 23]",540.0,?2,525,?17,498,?44,552,10,542.0,22.0,CCCC1CCCC1,Train
79,"1,1-Dimethylcyclohexane",577 [23],581.0,4,813,236,775,198,545,?33,577.0,23.0,CC1(C)CCCCC1,Train
80,"cis-1,2-Dimethylcyclohexane",577 [23],581.0,4,577,0,506,?71,575,?2,577.0,23.0,C[C@@H]1CCCC[C@@H]1C,Train
81,"trans-1,2-Dimethylcyclohexane","577 [22, 23]",581.0,4,577,0,506,?71,575,?2,577.0,22.0,C[C@@H]1CCCC[C@H]1C,Train
82,"cis-1,3-Dimethylcyclohexane",579 [23],581.0,2,577,?2,506,?73,575,?4,579.0,23.0,C[C@H]1CCC[C@@H](C)C1,Train
83,"trans-1,3-Dimethylcyclohexane",579 [22],581.0,4,577,0,506,?71,575,?2,579.0,22.0,C[C@H]1CCC[C@H](C)C1,Train
84,Isopropylcyclohexane,566 [23],532.0,?24,545,?11,502,?55,558,1,566.0,23.0,CC(C)C1CCCCC1,Train
85,Butylcyclopentane,523 [22],532.0,9,499,?24,472,?51,531,7,523.0,22.0,CCCCC1CCCC1,Train
86,Adamantane,560 [22],531.0,?29,562,2,484,?76,554,?6,560.0,22.0,C1C2CC3CC1CC(C2)C3,Train
87,"1,3-Dimethyladamantane",615 [22],606.0,?9,486,?129,416,?199,506,?109,615.0,22.0,CC12CC3CC(C1)CC(C)(C3)C2,Train
88,n-Butylcyclohexane,519 [23],524.0,5,484,?35,446,?73,513,?6,519.0,23.0,CCCCC1CCCCC1,Train
89,tert-Butylcyclohexane,613 [23],565.0,?49,586,?28,567,?46,580,?33,613.0,23.0,CC(C)(C)C1CCCCC1,Train
90,"1,2,3,4-Tetramethylcyclohexane",643 [22],565.0,?79,598,?45,477,?166,573,?70,643.0,22.0,CC1CCC(C)C(C)C1C,Train
91,"1,1-Diethylcyclohexane",577 [22],565.0,?13,739,162,799,222,509,?68,577.0,22.0,CCC1(CC)CCCCC1,Train
92,"trans-1,4-Diethylcyclohexane",577 [22],565.0,?13,509,?68,456,?121,530,?47,577.0,22.0,CC[C@@H]1CC[C@@H](CC)CC1,Train
93,Bicyclohexyl,"518 [22, 23]",549.0,31,479,?39,413,?106,496,?22,518.0,22.0,C1CCC(CC1)C2CCCCC2,Train
94,"2,4-Dicyclohexyl-2-methylpentane",498 [23],500.0,1,473,?25,411,?87,490,?9,498.0,23.0,CC(CC(C)(C)C1CCCCC1)C2CCCCC2,Train
95,Acetylene,"578 [22, 23]",585.0,7,578,0,539,?39,585,7,578.0,22.0,C#C,Train
96,Ethylene,"723 [22, 23]",747.0,24,803,80,737,14,706,?17,723.0,22.0,C=C,Train
97,Propyne,613 [22],577.0,?37,613,0,,,579,?34,613.0,22.0,CC#C,Train
98,Propene,728 [23],739.0,11,708,?20,627,?101,656,?72,728.0,23.0,CC=C,Train
99,"1,3-Butadiene",693 [23],656.0,?38,687,?6,585,?109,610,?83,693.0,23.0,C=CC=C,Train
100,Ethylacetylene,592 [22],568.0,?24,570,?22,,,555,?37,592.0,22.0,CCC#C,Train
101,Butene,657 [23],614.0,?43,659,2,598,?59,626,?31,657.0,23.0,CCC=C,Train
102,cis-2-Butene,"598 [22, 23]",614.0,16,598,0,504,?94,607,9,598.0,22.0,C\C=C/C,Train
103,trans-2-Butene,"597 [22, 23]",614.0,17,598,1,504,?93,607,10,597.0,22.0,C\C=C\C,Train
104,Isobutylene,"738 [22, 23]",730.0,?8,668,?70,624,?114,646,?92,738.0,22.0,CC(C)=C,Train
105,2-Methyl-1-buten-3-yne,559 [22],555.0,?4,560,1,,,535,?24,559.0,22.0,CC(=C)C#C,Train
106,1-Penten-4-yne,541 [22],555.0,14,553,12,,,522,?19,541.0,22.0,C=CCC#C,Train
107,1-Penten-3-yne,559 [22],555.0,?4,630,71,,,537,?22,559.0,22.0,CC#CC=C,Train
108,3-Methyl-1-butyne,568 [22],560.0,?8,587,19,,,560,?8,568.0,22.0,CC(C)C#C,Train
109,1-Pentyne,555 [22],560.0,5,533,?22,,,533,?22,555.0,22.0,CCCC#C,Train
110,2-Pentyne,575 [22],560.0,?15,604,29,,,550,?25,575.0,22.0,CCC#CC,Train
111,"2,3,3-Trimethyl-1-butene",656 [4],589.0,?67,690,34,668,12,650,?6,656.0,4.0,CC(=C)C(C)(C)C,Train
112,2-Methylbutadiene(isoprene),493 [23],589.0,96,647,154,581,88,601,108,493.0,23.0,CC(=C)C=C,Train
113,1-Pentene,546 [23],548.0,1,612,65,568,22,598,52,546.0,23.0,CCCC=C,Train
114,cis-2-Pentene,561 [23],548.0,?14,557,?4,478,?83,580,19,561.0,23.0,CC\C=C/C,Train
115,trans-2-Pentene,"558 [22, 23]",548.0,?11,557,?1,478,?80,580,22,558.0,22.0,CC/C=C/C,Train
116,Isopentene,"638 [22, 23]",606.0,?32,680,42,606,?32,633,?5,638.0,22.0,CC(C)C=C,Train
117,2-Methyl-1-butene,"638 [22, 23]",606.0,?32,620,?18,594,?44,617,?21,638.0,22.0,CCC(C)=C,Train
118,2-Methyl-2-butene,638 [22],606.0,?32,564,?74,501,?137,598,?40,638.0,22.0,CC=C(C)C,Train
119,1-Hexyne,541 [22],552.0,11,505,?36,,,515,?26,541.0,22.0,CCCCC#C,Train
120,3-Hexyne,554 [22],552.0,?2,562,8,,,529,?25,554.0,22.0,CCC#CCC,Train
121,2-Hexyne,554 [22],552.0,?2,562,8,,,529,?25,554.0,22.0,CCCC#CC,Train
122,"1,5-Hexadiene",592 [22],581.0,?11,592,0,526,?66,558,?34,592.0,22.0,C=CCCC=C,Train
123,"3-Methylpenta-1,4-diene",586 [22],581.0,?5,658,72,563,?23,589,3,586.0,22.0,CC(C=C)C=C,Train
124,"(3E)-hexa-1,3-diene",587 [22],581.0,?6,541,?46,445,?142,543,?44,587.0,22.0,CC/C=C/C=C,Train
125,1-Hexene,538 [23],539.0,1,568,30,539,0,572,34,538.0,23.0,CCCCC=C,Train
126,cis-2-Hexene,555 [23],539.0,?16,523,?32,454,?101,556,1,555.0,23.0,CCC\C=C/C,Train
127,trans-2-Hexene,528 [4],539.0,11,523,?5,454,?74,556,28,528.0,4.0,CCC/C=C/C,Train
128,cis-3-Hexene,553 [22],539.0,?14,523,?30,454,?99,556,3,553.0,22.0,CC\C=C/CC,Train
129,trans-3-Hexene,549 [23],539.0,?10,523,?26,454,?95,556,7,549.0,23.0,CC\C=C\CC,Train
130,Isohexene,577 [4],598.0,21,631,54,576,?1,605,28,577.0,4.0,CC(C)CC=C,Train
131,"2,3-Dimethyl-1-butene",643 [23],656.0,13,640,?3,602,?41,624,?19,643.0,23.0,CC(C)C(C)=C,Train
132,"2,3-Dimethyl-2-butene",674 [23],598.0,?77,535,?140,497,?177,590,?85,674.0,23.0,CC(C)=C(C)C,Train
133,"3,3-Dimethyl L-1-butene",630 [22],598.0,?33,729,99,672,42,660,30,630.0,22.0,CC(C)(C)C=C,Train
134,2-Methyl-1-pentene,579 [4],598.0,19,576,?3,564,?15,589,10,579.0,4.0,CCCC(C)=C,Train
135,3-Methyl-1-pentene,625 [22],598.0,?28,631,6,576,?49,605,?20,625.0,22.0,CCC(C)C=C,Train
136,2-Ethyl-1-butene,588 [23],598.0,9,576,?12,564,?24,589,1,588.0,23.0,CCC(=C)CC,Train
137,1-Heptene,533 [23],531.0,?2,532,?1,510,?23,548,15,533.0,23.0,CCCCCC=C,Train
138,cis-2-Heptene,512 [22],531.0,19,497,?15,434,?79,534,22,512.0,22.0,CCCC\C=C/C,Train
139,trans-2-Heptene,517 [22],531.0,14,497,?20,434,?84,534,17,517.0,22.0,CCCC/C=C/C,Train
140,cis-3-Heptene,563 [22],531.0,?32,497,?66,434,?129,534,?29,563.0,22.0,CCC\C=C/CC,Train
141,trans-3-Heptene,577 [22],531.0,?46,497,?80,434,?143,534,?43,577.0,22.0,CCC/C=C/CC,Train
142,2-Methyl-1-hexene,543 [22],589.0,46,538,?5,535,?8,564,21,543.0,22.0,CCCCC(C)=C,Train
143,2-Ethyl-1-pentene,600 [22],589.0,?11,538,?62,535,?65,564,?36,600.0,22.0,CCCC(=C)CC,Train
144,3-Ethyl-1-pentene,600 [22],589.0,?11,586,?14,546,?54,578,?22,600.0,22.0,CCC(CC)C=C,Train
145,"1,7-Octadiene",503 [23],564.0,61,519,16,472,?31,517,14,503.0,23.0,C=CCCCCC=C,Train
146,1-Octyne,517 [23],535.0,18,475,?42,,,493,?24,517.0,23.0,CCCCCCC#C,Train
147,1-Octene,523 [23],523.0,0,504,?19,484,?39,527,4,523.0,23.0,CCCCCCC=C,Train
148,cis-2-Octene,507 [22],523.0,16,481,?26,418,?89,516,9,507.0,22.0,CCCCC\C=C/C,Train
149,trans-2-Octene,517 [22],523.0,6,481,?36,418,?99,516,?1,517.0,22.0,CCCCC/C=C/C,Train
150,cis-3-Octene,538 [22],523.0,?15,481,?57,418,?120,516,?22,538.0,22.0,CCCC\C=C/CC,Train
151,trans-3-Octene,548 [22],523.0,?25,481,?67,418,?130,516,?32,548.0,22.0,CCCC/C=C/CC,Train
152,cis-4-Octene,539 [22],523.0,?16,481,?58,418,?121,516,?23,539.0,22.0,CCC\C=C/CCC,Train
153,6-Methyl-1-heptene,547 [22],581.0,34,546,?1,518,?29,554,7,547.0,22.0,CC(C)CCCC=C,Train
154,2-Ethyl-1-hexene,600 [22],581.0,?19,508,?92,506,?94,541,?59,600.0,22.0,CCCCC(=C)CC,Train
155,"2,4,4-Trimethyl-2-pentene",581 [23],581.0,0,582,1,545,?36,602,21,581.0,23.0,CC(C)=CC(C)(C)C,Train
156,"2,4,4-Trimethylpentene","693 [22, 23]",639.0,?54,641,?52,640,?53,621,?72,693.0,22.0,CC(=C)CC(C)(C)C,Train
157,3-Ethylhex-1-ene,552 [22],581.0,29,546,?6,518,?34,554,2,552.0,22.0,CCCC(CC)C=C,Train
158,"2,3-Dimethylhexene",590 [22],581.0,?9,553,?37,543,?47,570,?20,590.0,22.0,CCCC(C)C(C)=C,Train
159,4-Methylhept-1-ene,548 [22],581.0,33,546,?2,518,?30,554,6,548.0,22.0,CCCC(C)CC=C,Train
160,1-Nonene,"510 [22, 23]",515.0,4,485,?25,459,?52,511,1,510.0,22.0,CCCCCCCC=C,Train
161,"Deca-1,9-diene",565 [22],548.0,?17,479,?86,429,?136,494,?71,565.0,22.0,C=CCCCCCCC=C,Train
162,Dec-1-yne,497 [22],519.0,22,479,?18,,,493,?4,497.0,22.0,CCCCCCCCC#C,Train
163,1-Decene,508 [22],506.0,?2,475,?33,437,?71,498,?10,508.0,22.0,CCCCCCCCC=C,Train
164,1-Undecene,510 [23],498.0,?12,474,?37,420,?90,491,?19,510.0,23.0,CCCCCCCCCC=C,Train
165,Dodecene,528 [23],515.0,?13,479,?49,408,?120,490,?38,528.0,23.0,CCCCCCCCCCC=C,Train
166,1-Tridecene,510 [23],515.0,5,489,?21,402,?108,495,?15,510.0,23.0,CCCCCCCCCCCC=C,Train
167,1-Tetradecene,508 [23],515.0,7,501,?7,403,?105,507,?1,508.0,23.0,CCCCCCCCCCCCC=C,Train
168,1-Pentadecene,510 [23],515.0,5,511,1,412,?98,526,16,510.0,23.0,CCCCCCCCCCCCCC=C,Train
169,1-Hexadecene,513 [23],515.0,2,514,1,430,?83,554,41,513.0,23.0,CCCCCCCCCCCCCCC=C,Train
170,1-Heptadecene,510 [23],515.0,5,505,?5,459,?51,591,81,510.0,23.0,CCCCCCCCCCCCCCCC=C,Train
171,1-Octadecene,523 [23],515.0,?8,478,?45,499,?24,637,114,523.0,23.0,CCCCCCCCCCCCCCCCC=C,Train
172,1-Nonadecene,510 [23],515.0,5,426,?84,552,41,694,184,510.0,23.0,CCCCCCCCCCCCCCCCCC=C,Train
173,1-Eicosene,510 [23],515.0,5,342,?168,618,108,762,251,510.0,23.0,CCCCCCCCCCCCCCCCCCC=C,Train
174,(2E)Icos-2-ene,499 [22],482.0,?17,171,?328,943,444,813,314,499.0,22.0,CCCCCCCCCCCCCCCCC/C=C/C,Train
175,Cyclopentene,"668 [22, 23]",647.0,?21,668,0,655,?13,703,34,668.0,22.0,C1CC=CC1,Train
176,Cyclohexene,"583 [22, 23]",639.0,56,629,46,622,39,673,90,583.0,22.0,C1CCC=CC1,Train
177,"1-Methyl-1,3-cyclopentadiene",718 [22],681.0,?37,475,?243,722,4,707,?11,718.0,22.0,CC1=CC=CC1,Train
178,2-Norbornene,"778 [22, 23]",672.0,?106,671,?107,627,?151,688,?90,778.0,22.0,C1CC2CC1C=C2,Train
179,Vinylcyclohexane,543 [22],664.0,121,657,114,562,19,625,82,543.0,22.0,C=CC1CCCCC1,Train
180,Benzene,771 [23],722.0,?49,827,56,762,?10,786,15,771.0,23.0,c1ccccc1,Train
181,Toluene,693 [23],714.0,19,767,72,757,62,774,79,693.0,23.0,Cc1ccccc1,Train
182,Ethylbenzene,"705 [22, 23]",706.0,3,723,20,737,34,746,43,705.0,22.0,CCc1ccccc1,Train
183,p-Xylene,802 [22],807.0,5,789,?13,752,?50,761,?41,802.0,22.0,Cc1ccc(C)cc1,Train
184,o-Xylene,737 [22],726.0,?11,756,19,752,15,761,24,737.0,22.0,Cc1ccccc1C,Train
185,m-Xylene,738 [22],726.0,?12,798,60,752,14,761,23,738.0,22.0,Cc1cccc(C)c1,Train
186,Cumene,693 [23],697.0,4,742,49,743,49,753,60,693.0,23.0,CC(C)c1ccccc1,Train
187,m-Ethyltoluene,753 [23],718.0,?35,760,6,732,?22,733,?21,753.0,23.0,CCc1cccc(C)c1,Train
188,"1,2,3-Trimethylbenzene","743 [22, 23]",718.0,?25,788,45,748,4,748,5,743.0,22.0,Cc1cccc(C)c1C,Train
189,"1,2,4-Trimethylbenzene","788 [22, 23]",718.0,?40,779,20,748,?11,748,?10,788.0,22.0,Cc1ccc(C)c(C)c1,Train
190,"1,3,5-Trimethylbenzene",833 [23],799.0,?34,819,?14,748,?86,748,?85,833.0,23.0,Cc1cc(C)cc(C)c1,Train
191,o-Ethyltoluene,713 [23],718.0,5,709,?4,732,18,733,19,713.0,23.0,CCc1ccccc1C,Train
192,p-Ethyltoluene,808 [23],799.0,?9,748,?60,732,?77,733,?76,808.0,23.0,CCc1ccc(C)cc1,Train
193,1-Methyl-2-ethylbenzene,713 [23],718.0,5,709,?4,732,18,733,19,713.0,23.0,CCc1ccccc1C,Train
194,tert-Butylbenzene,718 [23],689.0,?29,822,104,783,64,778,60,718.0,23.0,CC(C)(C)c1ccccc1,Train
195,m-Diethylbenzene,"723 [22, 23]",709.0,?14,714,?9,708,?15,703,?20,723.0,22.0,CCc1cccc(CC)c1,Train
196,o-Diethylbenzene,668 [23],709.0,41,661,?8,708,40,703,35,668.0,23.0,CCc1ccccc1CC,Train
197,Naphthalene,813 [4],814.0,1,827,14,801,?12,808,?5,813.0,4.0,c1ccc2ccccc2c1,Train
198,Butylbenzene,685 [22],689.0,6,626,?57,689,6,687,3,685.0,22.0,CCCCc1ccccc1,Train
199,sec-Butylbenzene,688 [23],689.0,1,695,6,721,32,724,36,688.0,23.0,CCC(C)c1ccccc1,Train
200,Isobutylbenzene,698 [23],689.0,?9,695,?4,721,22,724,26,698.0,23.0,CC(C)Cc1ccccc1,Train
201,"1,2,3,5-Tetramethylbenzene",700 [23],709.0,9,813,113,743,42,735,35,700.0,23.0,Cc1cc(C)c(C)c(C)c1,Train
202,o-Cymene,709 [23],709.0,0,729,20,737,28,740,31,709.0,23.0,CC(C)c1ccccc1C,Train
203,m-Cymene,709 [23],709.0,0,777,68,737,28,740,31,709.0,23.0,CC(C)c1cccc(C)c1,Train
204,p-Cymene,709 [23],709.0,0,766,57,737,28,740,31,709.0,23.0,CC(C)c1ccc(C)cc1,Train
205,p-Diethylbenzene,"703 [22, 23]",709.0,6,701,?2,708,5,703,0,703.0,22.0,CCc1ccc(CC)cc1,Train
206,"1,2,3,4-Tetramethylbenzene",700 [22],709.0,9,806,106,743,43,735,35,700.0,22.0,Cc1ccc(C)c(C)c1C,Train
207,1-Methylnaphthalene,"802 [22, 23]",806.0,4,793,?9,799,?3,796,?6,802.0,22.0,Cc1cccc2ccccc12,Train
208,2-Methylnaphthalene,761 [23],806.0,45,793,32,799,38,796,35,761.0,23.0,Cc1ccc2ccccc2c1,Train
209,p-tert-Butyltoluene,783 [23],803.0,19,803,20,779,?4,765,?18,783.0,23.0,Cc1ccc(cc1)C(C)(C)C,Train
210,"2,3-Dimethyl-1-propylbenzene",738 [22],701.0,?37,700,?38,702,?36,689,?49,738.0,22.0,CCCc1cccc(C)c1C,Train
211,Biphenyl,843 [22],839.0,?4,799,?44,805,?38,833,?10,843.0,22.0,c1ccc(cc1)c2ccccc2,Train
212,1-Ethylnaphthalene,754 [4],797.0,43,754,0,788,34,770,16,754.0,4.0,CCc1cccc2ccccc12,Train
213,Cyclohexylbenzene,813 [22],714.0,?99,605,?208,633,?180,644,?169,813.0,22.0,C1CCC(CC1)c2ccccc2,Train
214,"3,5-Dimethyl-tert-butylbenzene",833 [23],794.0,?39,826,?7,775,?58,752,?81,833.0,23.0,Cc1cc(C)cc(c1)C(C)(C)C,Train
215,Diisopropylbenzene,721 [23],693.0,?28,701,?20,721,0,718,?4,721.0,23.0,CC(C)c1ccccc1C(C)C,Train
216,m-Diisopropylbenzene,722 [23],693.0,?29,753,30,721,?1,718,?5,722.0,23.0,CC(C)c1cccc(c1)C(C)C,Train
217,p-(t-Butyl)ethylbenzene,553 [22],551.0,?2,767,214,763,210,737,184,553.0,22.0,CCc1ccc(cc1)C(C)(C)C,Train
218,"1,4-Di-tert-butylbenzene",496 [22],535.0,39,815,319,798,302,769,273,496.0,22.0,CC(C)(C)c1ccc(cc1)C(C)(C)C,Train
219,"1,2,3,4,5-Pentamethylbenzene",703 [22],701.0,?2,824,121,737,34,722,19,703.0,22.0,Cc1cc(C)c(C)c(C)c1C,Train
220,"1,2,3-Trimethyl-4-ethylbenzne",766 [22],701.0,?65,771,5,720,?46,705,?61,766.0,22.0,CCC1=C(C(=C(C=C1)C)C)C,Train
221,"1,2,4-Trimethyl-3-ethylbenzene",766 [22],701.0,?65,771,5,720,?46,705,?61,766.0,22.0,CCc1c(C)ccc(C)c1C,Train
222,"1,2,4-Trimethyl-5-ethylbenzene",766 [22],701.0,?65,771,5,720,?46,705,?61,766.0,22.0,CCc1cc(C)c(C)cc1C,Train
223,"1,2,4-Triethylbenzene",640 [22],632.0,?8,639,?1,676,36,659,19,640.0,22.0,CCc1ccc(CC)c(CC)c1,Train
224,"1,2,3-Triethylbenzene",640 [22],632.0,?8,652,12,676,36,659,19,640.0,22.0,CCc1cccc(CC)c1CC,Train
225,Diphenylmethane,"758 [22, 23]",750.0,?8,762,4,797,39,811,53,758.0,22.0,C(c1ccccc1)c2ccccc2,Train
226,Anthracene,"813 [22, 23]",764.0,?49,813,0,809,?4,827,14,813.0,22.0,c1ccc2cc3ccccc3cc2c1,Train
227,"1,1-Diphenylethane","713 [22, 23]",742.0,28,779,66,799,86,817,104,713.0,22.0,CC(c1ccccc1)c2ccccc2,Train
228,"1,2-Diphenylethane",753 [22],742.0,?12,717,?37,785,32,786,33,753.0,22.0,C(Cc1ccccc1)c2ccccc2,Train
229,2-Ethylnaphthalene,750 [22],716.0,?34,754,4,788,38,770,20,750.0,22.0,CCc1ccc2ccccc2c1,Train
230,1-Butylnaphthalene,"633 [22, 23]",619.0,?14,658,25,757,124,712,79,633.0,22.0,CCCCc1cccc2ccccc12,Train
231,1-Nonylnaphthalene,576 [22],578.0,2,485,?91,633,57,569,?7,576.0,22.0,CCCCCCCCCc1cccc2ccccc12,Train
232,1-Decylnaphthalene,567 [22],569.0,2,475,?92,604,37,545,?22,567.0,22.0,CCCCCCCCCCc1cccc2ccccc12,Train
233,Naphthacene,830 [22],856.0,26,785,?45,784,?46,844,14,830.0,22.0,c1ccc2cc3cc4ccccc4cc3cc2c1,Train
234,"1,2,3,5-Tetraethylbenzene",598 [22],616.0,18,643,45,641,43,616,18,598.0,22.0,CCc1cc(CC)c(CC)c(CC)c1,Train
235,Pentaethylbenzene,566 [22],599.0,33,622,56,605,39,577,11,566.0,22.0,CCc1cc(CC)c(CC)c(CC)c1CC,Train
236,Hexaethylbenzene,541 [22],583.0,42,566,25,568,27,542,1,541.0,22.0,CCc1c(CC)c(CC)c(CC)c(CC)c1CC,Train
237,p-Terphenyl,808 [22],814.0,6,828,19,804,?4,866,58,808.0,22.0,c1ccc(cc1)c2ccc(cc2)c3ccccc3,Train
238,Ethynylbenzene,763 [22],789.0,26,655,?108,,,648,?115,763.0,22.0,C#Cc1ccccc1,Train
239,Styrene,753 [23],747.0,?6,749,?4,727,?26,729,?24,753.0,23.0,C=Cc1ccccc1,Train
240,2-Vinyltoluene,767 [23],759.0,?8,736,?31,721,?46,716,?52,767.0,23.0,Cc1ccccc1C=C,Train
241,3-Vinyltoluene,762 [23],759.0,?3,782,20,721,?41,716,?47,762.0,23.0,Cc1cccc(C=C)c1,Train
242,4-Vinyltoluene,848 [23],840.0,?8,772,?76,721,?127,716,?133,848.0,23.0,Cc1ccc(C=C)cc1,Train
243,Isopropenylbenzene,718 [23],739.0,21,711,?7,724,6,720,1,718.0,23.0,CC(=C)c1ccccc1,Train
244,cis-1-Propenylbenzene,848 [22],739.0,?109,639,?209,615,?233,679,?169,848.0,22.0,C\C=C/c1ccccc1,Train
245,trans-1-Propenylbenzene,848 [22],739.0,?109,639,?209,615,?233,679,?169,848.0,22.0,C/C=C/c1ccccc1,Train
246,2-Ethyl-1-vinylbenzene,634 [22],650.0,16,688,54,697,63,685,51,634.0,22.0,CCc1ccccc1C=C,Train
247,3-Ethyl-1-vinylbenzene,657 [22],650.0,?7,740,83,697,40,685,28,657.0,22.0,CCc1cccc(C=C)c1,Train
248,Ethane,788 [23],793.0,4,729,?59,669,?120,703,?85,788.0,23.0,CC,Train
249,"2,3-Dimethylbutane",693 [23],718.0,25,672,?21,627,?66,658,?35,693.0,23.0,CC(C)C(C)C,Test
250,"2,2-Dimethylpentane",610 [23],612.0,2,653,43,656,46,647,37,610.0,23.0,CCCC(C)(C)C,Test
251,"2,2,3-Trimethylpentane",703 [23],701.0,?2,673,?30,664,?39,655,?49,703.0,23.0,CCC(C)C(C)(C)C,Test
252,4-Methylheptane,510 [22],503.0,?7,527,17,530,20,567,57,510.0,22.0,CCCC(C)CCC,Test
253,"2,6-Dimethylheptane",553 [22],596.0,43,541,?12,538,?15,574,21,553.0,22.0,CC(C)CCCC(C)C,Test
254,Hexadecane,475 [23],473.0,?2,511,36,421,?54,537,62,475.0,23.0,CCCCCCCCCCCCCCCC,Test
255,Docosane,475 [22],475.0,0,?84,,754,279,878,403,475.0,22.0,CCCCCCCCCCCCCCCCCCCCCC,Test
256,Ethylcyclohexane,"535 [22, 23]",540.0,5,531,?4,494,?41,552,17,535.0,22.0,CCC1CCCCC1,Test
257,Propylcyclohexane,"521 [22, 23]",532.0,11,503,?18,469,?52,531,10,521.0,22.0,CCCC1CCCCC1,Test
258,Cyclododecane,503 [23],432.0,?72,474,?29,403,?101,490,?14,503.0,23.0,C1CCCCCCCCCCC1,Test
259,Dicyclopentadiene,783 [22],731.0,?52,714,?69,647,?136,745,?39,783.0,22.0,C1C=CC2C3CC(C=C3)C12,Test
260,Dimethylacetylene,596 [22],568.0,?28,651,55,,,573,?23,596.0,22.0,CC#CC,Test
261,Non-1-yne,506 [22],527.0,21,473,?33,,,490,?16,506.0,22.0,CCCCCCCC#C,Test
262,3-Methyl-1-hexene,578 [22],589.0,11,586,8,546,?32,578,0,578.0,22.0,CCCC(C)C=C,Test
263,trans-4-Octene,552 [22],523.0,?29,481,?71,418,?134,516,?36,552.0,22.0,CCC\C=C\CCC,Test
264,"(3E)-2-methylpenta-1,3-diene",581 [22],581.0,0,548,?33,464,?117,558,?23,581.0,22.0,C/C=C/C(C)=C,Test
265,Triacont-1-ene,524 [22],515.0,?9,"?4,512",,"2,388","1,864","2,174","1,650",524.0,22.0,CCCCCCCCCCCCCCCCCCCCCCCCCCCCC=C,Test
266,Cyclododecene,531 [23],590.0,58,479,?53,436,?95,520,?11,531.0,23.0,C1CCCCCC=CCCCC1,Test
267,"1,4-Diisopropylbenzene",722 [22],693.0,?29,741,19,721,?1,718,?4,722.0,22.0,CC(C)c1ccc(cc1)C(C)C,Test
268,Propylbenzene,729 [22],697.0,?32,674,?55,714,?15,717,?13,729.0,22.0,CCCc1ccccc1,Test
269,"1,2,4,5-Tetramethylbenzene",700 [22],709.0,9,806,106,743,43,735,35,700.0,22.0,Cc1cc(C)c(C)cc1C,Test
270,1-Propylnaphthalene,690 [22],708.0,18,707,17,774,84,741,51,690.0,22.0,CCCc1cccc2ccccc12,Test
271,o-Terphenyl,830 [22],814.0,11,815,12,804,1,866,63,830.0,22.0,c1ccc(cc1)c2ccccc2c3ccccc3,Test
272,1-Ethyl-4-vinylbenzene,635 [22],650.0,15,728,93,697,62,685,50,635.0,22.0,CCc1ccc(C=C)cc1,Test
273,m-Terphenyl,828 [22],814.0,?14,828,0,804,?24,866,38,828.0,22.0,c1ccc(cc1)c2cccc(c2)c3ccccc3,Test
