RON_Molecules_x,ZM2V,IC1,SPAN,RDF020m,Mor03u,Mor16m,Mor31m,Mor29v,Mor10p,nCp,ALOGP2,ALOGPS_logS,Data Set,Predicted,Absolute  Error,SMILES,RON_Molecules_y,Experiment
n-Butylbenzene,1.483,1.27,2.057,0.115,-0.406,0.72,-0.103,0.659,-0.76,-1.034,0.967,-0.864,Training,100.58,3.82,CCCCc1ccccc1,n-Butylbenzene,104.4
"1,2,3,4-Tetramethylbenzene",2.313,0.364,-0.096,-0.195,0.633,0.932,-1.054,0.68,-0.656,1.243,1.12,-0.374,Training,107.59,2.29,Cc1c(C)ccc(c1C)C,"1,2,3,4-Tetramethylbenzene",105.3
1-Phenylpentane,1.657,1.186,2.895,0.367,-0.932,0.272,0.442,0.52,-0.71,-1.034,1.779,-1.228,Training,89.73,0.53,CCCCCc1ccccc1,1-Phenylpentane,89.2
1-Methyl-2-allylbenzene,2.051,1.832,0.829,0.864,0.735,1.011,-0.526,0.541,-1.457,-1.034,0.392,-0.508,Training,101.42,2.82,C=CCc1ccccc1C,1-Methyl-2-allylbenzene,98.6
"1,2,3,4-Tetrahydronaphthalene",2.225,1.327,-0.043,0.115,-0.342,0.484,0.425,0.017,0.747,-1.793,0.421,-0.441,Training,102.26,5.86,C1CCc2c(C1)cccc2,"1,2,3,4-Tetrahydronaphthalene",96.4
sec-Butylcyclohexane,0.172,-1.008,1.054,0.375,-1.943,-0.876,1.728,0.852,1.089,-0.275,1.802,-1.532,Training,33.54,17.46,CCC(C1CCCCC1)C,sec-Butylcyclohexane,51
1-Methyl-2-n-propylcyclohexane (cis),0.172,-1.008,1.437,0.424,-1.761,-1.002,1.499,0.424,1.111,-0.275,1.802,-1.51,Training,32.01,1.61,CCC[C@H]1CCCC[C@H]1C,1-Methyl-2-n-propylcyclohexane (cis),30.4
Cyclo-octane,-0.527,-2.082,-0.999,0.09,-0.758,-0.743,0.249,-2.402,1.701,-1.793,0.908,-1.05,Training,60.98,11.12,C1CCCCCCC1,Cyclo-octane,72.1
"1,1-Dimethylcyclopentane",-0.353,-1.001,-1.132,-1.139,0.413,-1.836,-0.385,-0.732,1.174,-0.275,-0.415,-0.367,Training,101.96,9.66,CC1(C)CCCC1,"1,1-Dimethylcyclopentane",92.3
iso-Propylcyclopentane,-0.222,-0.907,-0.296,-0.813,-1.388,-1.804,0.935,-1.385,1.863,-0.275,0.267,-0.775,Training,68.76,12.34,CC(C1CCCC1)C,iso-Propylcyclopentane,81.1
iso-Butylcyclopentane,-0.091,-0.956,0.543,-0.545,-1.335,-1.67,0.953,-1.428,2.618,-0.275,0.988,-1.168,Training,42.91,9.51,CC(CC1CCCC1)C,iso-Butylcyclopentane,33.4
n-Propylcyclohexane,-0.178,-1.309,1.272,0.237,-1.742,-0.821,1.411,0.199,1.165,-1.034,1.341,-1.28,Training,20.44,2.64,CCCC1CCCCC1,n-Propylcyclohexane,17.8
Cyclohexene,-0.484,0.46,-1.504,0.481,0.632,-0.318,0.037,0.038,0.558,-1.793,-0.926,0.183,Training,78.21,5.69,C1CCC=CC1,Cyclohexene,83.9
"4,4-Dimethylcyclohexene",0.215,0.789,-0.824,0.693,0.483,-0.806,1.059,0.402,-0.697,-0.275,-0.401,-0.441,Training,94.39,1.81,CC1(C)CCC=CC1,"4,4-Dimethylcyclohexene",96.2
1-Octyne,-0.265,0.246,2.094,-0.146,-0.91,-0.287,-0.35,0.21,0.378,-1.034,1.903,-0.188,Training,47.65,2.85,CCCCCCC#C,1-Octyne,50.5
4-Octyne,-0.003,-0.308,1.842,0.131,-0.179,-0.153,-0.737,-0.037,-0.454,-0.275,0.991,0.027,Training,76.9,17.3,CCCC#CCCC,4-Octyne,59.6
1-Octene,-0.615,0.575,1.915,0.823,-1.405,0.24,0.548,-0.186,0.459,-1.034,0.877,-0.827,Training,38.52,9.82,CCCCCCC=C,1-Octene,28.7
"2,2-Dimethyl-3-hexene (trans)",-0.134,0.141,0.936,0.082,-0.027,0.067,-0.825,-0.497,-1.16,1.243,0.096,-0.508,Training,107.87,2.57,CC/C=C/C(C)(C)C,"2,2-Dimethyl-3-hexene (trans)",105.3
"2,5-Dimethyl-3-hexene (cis)",-0.222,-0.054,-0.312,0.09,0.224,-0.978,-0.315,-0.936,-0.427,1.243,0.161,-0.53,Training,108.79,5.29,CC(/C=C\C(C)C)C,"2,5-Dimethyl-3-hexene (cis)",103.5
2-Methyl-3-ethyl-1-pentene,-0.178,0.728,0.04,0.384,0.504,0.759,-0.191,-0.85,-0.337,0.484,0.533,0.153,Training,93.88,5.62,CCC(C(=C)C)CC,2-Methyl-3-ethyl-1-pentene,99.5
"4,4-Diethyl-1-heptene",0.434,0.62,1.156,1.32,-1.455,-0.224,0.266,0.038,0.387,0.484,2.577,-1.577,Training,69.6,10.2,CCCC(CC=C)(CC)CC,"4,4-Diethyl-1-heptene",79.8
"2-Methyl-1,3-butadiene",-0.615,1.137,-0.949,-0.072,1.618,1.058,-1.107,0.391,-0.746,-1.034,-1.334,1.156,Training,96.33,2.77,C=CC(=C)C,"2-Methyl-1,3-butadiene",99.1
2-Methyl-1-butene,-0.964,0.869,-0.992,-0.26,1.718,0.429,-0.861,-0.358,-1.12,-0.275,-0.968,1.497,Training,93.38,9.12,CCC(=C)C,2-Methyl-1-butene,102.5
3-Hexene (trans),-0.833,0.178,0.151,-0.064,-0.003,0.531,-0.843,-0.764,0.014,-0.275,-0.507,0.109,Training,86.88,7.12,CC/C=C/CC,3-Hexene (trans),94
2-Methyl-2-pentene,-0.702,0.331,-0.3,-0.333,0.934,0.445,-0.526,-0.775,-0.238,0.484,-0.519,1.311,Training,94.33,3.47,CCC=C(C)C,2-Methyl-2-pentene,97.8
2-Heptene (trans),-0.702,0.596,1.101,0.237,-0.465,0.343,0.055,-0.358,-0.292,-0.275,0.093,-0.396,Training,77.34,3.94,CCCC/C=C/C,2-Heptene (trans),73.4
4-Methyl-2-hexene (cis),-0.527,0.596,-0.101,0.172,0.428,0.468,-0.35,-0.069,-0.459,0.484,-0.188,-0.277,Training,97.99,0.61,C/C=C\C(CC)C,4-Methyl-2-hexene (cis),98.6
5-Methyl-2-hexene (trans),-0.615,0.596,0.49,0.115,0.228,0.177,0.354,-0.304,-0.504,0.484,-0.188,-0.277,Training,95.35,1.05,C/C=C/CC(C)C,5-Methyl-2-hexene (trans),94.3
"2,3-Dimethyl-1-pentene",-0.396,0.819,-0.191,0.156,0.888,0.799,-0.544,-0.711,-0.787,0.484,-0.129,0.71,Training,96.66,2.64,CCC(C(=C)C)C,"2,3-Dimethyl-1-pentene",99.3
ETHANE,-1.882,-2.333,-2.751,-1.587,1.191,0.972,-1.477,1.044,-0.072,-0.275,-1.747,2.611,Training,101.69,10.01,CC,ETHANE,111.7
PROPANE,-1.751,-1.664,-1.927,-1.326,0.737,0.681,-1.019,0.809,0.05,-0.275,-1.433,1.475,Training,97.67,13.73,CCC,PROPANE,111.4
n-Butane,-1.576,-1.539,-1.152,-1.074,0.17,0.484,-0.526,0.616,-0.058,-0.275,-1.025,0.911,Training,88.54,5.46,CCCC,n-Butane,94
n-Hexane,-1.227,-1.52,0.45,-0.561,-1.056,0.083,0.407,0.338,0.585,-0.275,0.077,-0.203,Training,46.8,22,CCCCCC,n-Hexane,24.8
"2,3-Dimethylpentane",-0.79,-1.17,-0.122,-0.512,-0.619,-0.011,0.777,0.691,-0.553,1.243,0.144,-0.396,Training,86.77,4.33,CCC(C(C)C)C,"2,3-Dimethylpentane",91.1
4-Methylheptane,-0.746,-1.13,1.256,-0.113,-1.735,-0.09,1.27,0.22,0.756,0.484,1.192,-0.923,Training,31.85,5.15,CCCC(CCC)C,4-Methylheptane,26.7
"2,3,4-Trimethylpentane",-0.484,-1.457,-0.348,-0.317,-0.617,-0.412,0.742,0.723,-0.414,2.003,0.52,-0.619,Training,96.28,6.22,CC(C(C)C)C(C)C,"2,3,4-Trimethylpentane",102.5
"2,2-Dimethylheptane",-0.44,-1.123,1.951,-0.154,-1.448,-0.868,0.83,1.034,-0.04,1.243,1.56,-1.102,Training,57.28,6.98,CCCCCC(C)(C)C,"2,2-Dimethylheptane",50.3
"3,3,5-Trimethylheptane",-0.047,-0.895,1.387,0.563,-1.364,-1.843,1.921,0.359,-0.4,2.003,2.035,-1.361,Training,79.01,7.39,CCC(CC(CC)(C)C)C,"3,3,5-Trimethylheptane",86.4
N-PROPANOL,-1.227,0.336,-1.102,0.432,0.609,0.602,-1.917,0.916,0.045,-0.275,-2.062,2.93,Training,100.25,3.75,CCCO,N-PROPANOL,104
Heptane,-1.052,-1.539,1.257,-0.3,-1.65,-0.129,0.83,0.177,0.828,-0.275,0.769,-0.678,Training,20.29,20.29,CCCCCCC,Heptane,0
Ethylbenzene,1.133,1.012,0.228,-0.398,0.802,0.995,-1.442,1.109,-0.881,-1.034,-0.373,0.183,Training,111.08,3.68,CCc1ccccc1,Ethylbenzene,107.4
"1,4-Dimethylbenzene",1.308,0.923,-0.328,-0.471,1.323,1.679,-1.001,1.237,-0.868,-0.275,-0.335,0.309,Training,111.56,4.84,Cc1ccc(cc1)C,"1,4-Dimethylbenzene",116.4
"1,3-Dimethyl-5-ethylbenzene",2.007,1.216,0.845,-0.121,-0.318,0.633,-1.054,0.798,-0.103,0.484,1.069,-0.552,Training,112.04,2.76,CCc1cc(C)cc(c1)C,"1,3-Dimethyl-5-ethylbenzene",114.8
tert-Amylbenzene,2.182,1.186,0.755,0.017,0.32,0.964,-0.649,1.301,-0.661,0.484,0.97,-1.064,Training,110.84,2.84,CCC(c1ccccc1)(C)C,tert-Amylbenzene,108
Allylbenzene,1.57,1.09,0.767,0.726,1.045,1.011,-1.406,1.087,-1.273,-1.793,-0.29,-0.24,Training,100.52,1.98,C=CCc1ccccc1,Allylbenzene,102.5
Indan (hydrindene),2.051,1.35,-0.303,-0.634,0.165,0.712,-0.315,-0.015,2.047,-1.793,-0.226,-0.01,Training,96.89,6.61,C1Cc2c(C1)cccc2,Indan (hydrindene),103.5
1-Methyl-2-n-propylcyclohexane (trans),0.172,-1.008,1.396,0.367,-2.341,-0.758,1.64,0.552,0.878,-0.275,1.802,-1.51,Training,27.73,1.67,CCC[C@@H]1CCCC[C@H]1C,1-Methyl-2-n-propylcyclohexane (trans),29.4
1-Methyl-4-isopropylcyclohexane (cis),0.259,-0.851,0.366,0.253,-1.867,-0.916,0.883,0.927,0.108,0.484,1.425,-1.406,Training,70.03,6.63,CC([C@@H]1CC[C@@H](CC1)C)C,1-Methyl-4-isopropylcyclohexane (cis),63.4
"1,2,4-Trimethyl-4-isopropylcyclo-hexane",1.089,-0.651,0.671,0.432,-2.019,-1.136,0.777,1.976,-0.211,2.003,2.296,-1.762,Training,98.14,2.14,CC1CCC(CC1C)(C)C(C)C,"1,2,4-Trimethyl-4-isopropylcyclo-hexane",96
Dicyclopropylmethane,-0.003,-1.262,-0.265,-1.66,-0.698,-0.334,0.407,-0.85,2.474,-1.793,-0.797,-0.27,Training,79.37,15.73,C1CC1CC1CC1,Dicyclopropylmethane,95.1
cis-hydrindane ,0.39,-1.377,-0.588,0.099,-1.099,-1.828,2.52,-1.974,2.623,-1.793,0.394,-0.99,Training,63.77,6.23,[C@@H]12CCCC[C@H]2CCC1,cis-hydrindane ,70
trans-hydrindane ,0.39,-1.377,-0.358,-0.3,-1.879,-1.961,0.689,-2.637,2.704,-1.793,0.394,-0.99,Training,52.88,5.62,[C@@H]12CCCC[C@@H]2CCC1,trans-hydrindane ,58.5
"1,1,3-Trimethylcyclohexane",0.128,-0.707,-0.131,-0.154,-1.327,-0.829,0.865,1.205,0.158,0.484,0.581,-1.072,Training,79.85,1.45,CC1CCCC(C1)(C)C,"1,1,3-Trimethylcyclohexane",81.3
Cyclopentene,-0.659,0.568,-1.729,-1.098,0.686,-0.231,0.249,-0.251,1.588,-1.793,-1.355,0.74,Training,96.38,3.08,C1CC=CC1,Cyclopentene,93.3
1-Methylcyclohexene,-0.091,0.542,-0.821,0.213,0.318,-0.247,0.988,-0.24,0.621,-1.034,-0.415,1.148,Training,85.33,3.77,CC1=CCCCC1,1-Methylcyclohexene,89.1
"3,5,5-Trimethylcyclohexene",0.565,0.841,-0.154,0.75,-0.406,-1.081,1.516,0.231,-0.162,0.484,-0.071,-0.819,Training,103.8,8.3,CC1C=CCC(C1)(C)C,"3,5,5-Trimethylcyclohexene",95.5
"2,4-Dimethyl-2-pentene",-0.396,0.251,-0.461,-0.252,0.716,0.13,-0.121,-1.021,-0.679,1.243,-0.201,0.992,Training,102.62,2.62,CC(C=C(C)C)C,"2,4-Dimethyl-2-pentene",100
"4,4-Dimethyl-2-pentene (cis)",-0.353,0.289,-0.602,0.563,0.82,-0.428,-1.16,-0.786,-0.656,1.243,-0.505,-0.077,Training,104.79,0.51,C/C=C\C(C)(C)C,"4,4-Dimethyl-2-pentene (cis)",105.3
2-Methyl-2-heptene,-0.353,0.404,1.442,0.253,-0.048,-0.192,0.583,-1.096,-0.611,0.484,0.772,0.495,Training,83.05,7.15,CCCCC=C(C)C,2-Methyl-2-heptene,75.9
"2,3-Dimethyl-2-hexene",-0.091,-0.393,0.521,-0.024,0.673,-0.357,0.865,-2.027,-1.241,1.243,0.756,1.089,Training,96.2,3.1,CCCC(=C(C)C)C,"2,3-Dimethyl-2-hexene",93.1
"2,3,4-Trimethyl-2-pentene",0.084,-0.588,-0.35,-0.243,1.26,0.217,0.249,-1.589,-1.34,2.003,0.435,1.118,Training,99.92,3.02,CC(C(=C(C)C)C)C,"2,3,4-Trimethyl-2-pentene",96.9
"1,5-Hexadiene",-0.702,0.826,0.179,1.182,0.689,1.09,-1.037,-0.272,-0.679,-1.793,-0.89,0.227,Training,82.8,11.7,C=CCCC=C,"1,5-Hexadiene",71.1
2-Methyl-3-hexene (trans),-0.527,0.289,0.697,0.017,-0.024,0.413,-0.843,-0.358,-0.346,0.484,-0.188,-0.255,Training,93.62,4.28,CC/C=C/C(C)C,2-Methyl-3-hexene (trans),97.9
n-Pentane,-1.401,-1.513,-0.341,-0.813,-0.609,0.264,-0.086,0.509,0.14,-0.275,-0.521,0.443,Training,69.7,8,CCCCC,n-Pentane,61.7
"2,3-Dimethylbutane",-1.008,-1.52,-1.152,-0.789,0.077,-0.106,0.073,0.916,-0.944,1.243,-0.464,0.116,Training,98.28,5.22,CC(C(C)C)C,"2,3-Dimethylbutane",103.5
"2,2-Dimethylpentane",-0.79,-1.17,0.094,-0.667,-0.519,-0.318,0.108,1.098,-0.351,1.243,0.079,-0.352,Training,80.19,12.61,CCCC(C)(C)C,"2,2-Dimethylpentane",92.8
"2,2,3-Trimethylbutane",-0.615,-1.335,-1.007,-0.773,0.55,-0.499,0.143,1.408,-1.714,2.003,-0.201,-0.255,Training,103.91,8.19,CC(C(C)(C)C)C,"2,2,3-Trimethylbutane",112.1
2-Methylheptane,-0.79,-1.13,1.657,-0.146,-1.698,-0.357,1.27,0.113,0.432,0.484,1.192,-0.931,Training,25.89,4.19,CCCCCC(C)C,2-Methylheptane,21.7
"2,2-Dimethylhexane",-0.615,-1.13,1.076,-0.406,-1.052,-0.507,0.478,1.216,-0.162,1.243,0.772,-0.767,Training,62.3,10.2,CCCCC(C)(C)C,"2,2-Dimethylhexane",72.5
"2,5-Dimethylhexane",-0.702,-1.062,0.45,-0.243,-1.482,-0.271,1.464,0.381,0.077,1.243,0.847,-0.797,Training,63.99,8.79,CC(CCC(C)C)C,"2,5-Dimethylhexane",55.2
"3,4-Dimethylhexane",-0.571,-1.062,0.449,-0.235,-0.982,0.099,1.499,0.445,0.09,1.243,0.847,-0.797,Training,69.76,6.54,CCC(C(CC)C)C,"3,4-Dimethylhexane",76.3
"2,2,4-Trimethylpentane",-0.527,-1.027,-0.211,-0.349,-0.669,-1.364,0.618,-0.133,-0.378,2.003,0.45,-0.745,Training,103.73,3.73,CC(CC(C)(C)C)C,"2,2,4-Trimethylpentane",100
"2,3,3-Trimethylpentane",-0.353,-1.027,-0.124,-0.496,-0.078,-0.633,0.39,1.365,-1.552,2.003,0.45,-0.738,Training,102.35,3.65,CCC(C(C)C)(C)C,"2,3,3-Trimethylpentane",106
"2,2,3,3-Tetramethylpentane",0.084,-1.245,0.004,-0.471,0.157,-0.861,0.46,1.901,-2.325,2.762,0.775,-0.812,Training,107.77,9.03,CCC(C(C)(C)C)(C)C,"2,2,3,3-Tetramethylpentane",116.8
METHANOL,-1.707,-0.029,-2.753,0.449,1.64,1.475,-2.709,1.933,-0.342,-1.034,-2.093,3.227,Training,105.38,16.62,CO,METHANOL,122
ETHANOL,-1.401,0.178,-1.905,0.172,1.177,0.979,-2.287,1.205,-0.067,-0.275,-2.122,3.145,Training,107.77,1.23,CCO,ETHANOL,109
SEC-BUTANOL,-0.79,0.159,-0.899,0.033,0.363,0.272,-1.442,0.573,-0.216,-0.275,-1.941,2.64,Training,101.34,3.66,CCC(O)C,SEC-BUTANOL,105
"2,5-Dimethylfuran",1.963,1.259,-0.6,-0.032,1.187,3.983,0.442,0.895,0.518,-0.275,-1.781,1.512,Training,118.9,0.1,Cc1ccc(o1)C,"2,5-Dimethylfuran",119
"2,5-Dimethylfuran",1.963,1.259,-0.6,-0.032,1.187,3.983,0.442,0.895,0.518,-0.275,-1.781,1.512,Training,118.9,0.1,Cc1ccc(o1)C,"2,5-dimethylfuran",119
"2,3-Dimethylhexane",-0.615,-1.062,0.844,-0.26,-1.26,-0.145,0.988,0.755,-0.04,1.243,0.847,-0.797,Training,61.91,9.39,CCCC(C(C)C)C,"2,3-Dimethylhexane",71.3
1-Methyl-2-ethylbenzene,1.614,1.381,0.15,-0.26,0.688,0.893,-0.843,1.012,-1.097,-0.275,0.294,-0.144,Training,108.62,6.12,CCc1ccccc1C,1-Methyl-2-ethylbenzene,102.5
"1,3,5-Trimethylbenzene",1.745,0.761,-0.328,-0.333,0.005,1.475,-0.878,1.473,-0.283,0.484,0.338,-0.025,Training,113.41,6.89,Cc1cc(C)cc(c1)C,"1,3,5-Trimethylbenzene",120.3
"1,3-Dimethyl-4-ethylbenzene",2.051,1.216,0.655,-0.121,0.767,0.665,-0.684,0.563,-0.94,0.484,1.069,-0.522,Training,107.93,1.93,CCc1ccc(cc1C)C,"1,3-Dimethyl-4-ethylbenzene",106
1-Methyl-2-isopropylbenzene,1.963,1.322,-0.019,-0.17,0.302,1.436,-0.649,1.162,-0.553,0.484,0.682,-0.567,Training,111.06,5.06,CC(c1ccccc1C)C,1-Methyl-2-isopropylbenzene,106
Propenylbenzene (trans),1.745,1.287,1.058,0.017,0.995,1.011,-1.899,1.066,-0.198,-1.034,-0.359,-0.196,Training,111.15,6.75,C/C=C/c1ccccc1,Propenylbenzene (trans),104.4
2-Phenylpropene,1.92,1.287,-0.026,0.017,1.521,1.734,-1.688,1.355,-0.701,-1.034,-0.302,0.465,Training,109.5,3.6,CC(=C)c1ccccc1,2-Phenylpropene,113.1
1-Phenyl-2-methylpropene,2.094,1.472,0.777,0.31,1.246,1.121,-0.931,0.317,-0.31,-0.275,0.252,0.257,Training,104.06,1.24,CC(=Cc1ccccc1)C,1-Phenyl-2-methylpropene,105.3
"1,3,5-Trimethylcyclohexane (cis)",0.041,-0.839,-0.25,-0.024,-1.78,-0.711,0.865,0.852,0.716,0.484,0.653,-0.99,Training,69.77,10.67,CC1C[C@H](C)C[C@@H](C1)C,"1,3,5-Trimethylcyclohexane (cis)",59.1
Cycloheptane,-0.702,-2.082,-1.26,1.434,-0.279,-0.287,0.055,-0.229,0.383,-1.793,0.198,-0.597,Training,58.73,20.63,C1CCCCCC1,Cycloheptane,38.1
Cyclopentylcyclopentane,0.565,-1.424,0.319,-0.83,-2.089,-3.628,0.566,-3.387,4.845,-1.793,1.131,-1.421,Training,40.26,30.56,C1CCC(C1)C1CCCC1,Cyclopentylcyclopentane,9.7
2-Ethylbicyclo(2.2.1)heptane,0.565,-0.881,0.263,-1.139,-1.264,-3.408,-0.579,-1.514,2.821,-1.034,0.094,-0.797,Training,58.43,6.53,CCC1CC2CC1CC2,2-Ethylbicyclo(2.2.1)heptane,51.9
"1,2-Dimethylcyclopropane (cis)",-0.746,-0.888,-1.296,-1.563,0.938,0.649,-0.068,-0.957,1.183,-0.275,-1.325,0.688,Training,106.69,2.29,[C@@H]1(C)C[C@@H]1C,"1,2-Dimethylcyclopropane (cis)",104.4
"1,3-Dimethylcyclopentane (cis)",-0.44,-0.862,-0.506,-1.017,-0.504,-1.45,0.213,-1.257,2.034,-0.275,-0.358,-0.374,Training,81.38,2.18,[C@@H]1(C)CC[C@@H](C1)C,"1,3-Dimethylcyclopentane (cis)",79.2
"1,1,2,4-Tetramethylcyclopentan",0.346,-0.644,-0.092,-0.708,-0.623,-2.417,0.407,-1.417,1.215,1.243,0.27,-0.894,Training,87.88,8.32,CC1CC(C(C1)(C)C)C,"1,1,2,4-Tetramethylcyclopentan",96.2
Allylcyclopentane,-0.091,0.812,0.813,0.18,-0.508,-1.144,-0.244,-1.685,2.115,-1.793,0.001,-0.626,Training,69.23,17.13,C=CCC1CCCC1,Allylcyclopentane,52.1
"1,1,2-Trimethylcyclohexane",0.215,-0.707,-0.673,-0.129,-0.711,-0.884,0.935,1.173,-0.652,0.484,0.581,-1.087,Training,98.25,2.55,CC1CCCCC1(C)C,"1,1,2-Trimethylcyclohexane",95.7
1-Ethylcyclohexene,0.172,0.38,0.297,0.416,-0.154,-0.782,1.076,-0.797,0.495,-1.034,0.201,0.287,Training,77.71,8.19,CCC1=CCCCC1,1-Ethylcyclohexene,85.9
4-Vinylcyclohexene,0.346,1.449,0.453,1.695,0.5,0.036,0.161,-0.657,0.221,-1.793,-0.572,-0.337,Training,72.51,4.49,C=CC1CCC=CC1,4-Vinylcyclohexene,77
"1,2,4-Trimethyl-4-isopropenylcyclohexene",2.094,1.005,0.779,1.434,0.768,0.075,2.679,-2.445,-0.913,1.243,1.806,0.116,Training,100.82,8.02,CC1=C(C)CC(CC1)(C)C(=C)C,"1,2,4-Trimethyl-4-isopropenylcyclohexene",92.8
"3,4-Dimethyl-2-pentene (cis)",-0.309,0.251,-0.344,-0.121,1.525,0.516,-0.843,-0.561,-0.751,1.243,-0.201,1,Training,101.36,5.36,C/C=C(\C(C)C)/C,"3,4-Dimethyl-2-pentene (cis)",96
6-Methyl-2-heptene,-0.44,0.728,1.502,0.4,-0.445,0.272,0.548,-0.144,-0.548,0.484,0.465,-0.701,Training,83.67,12.37,C/C=C/CCC(C)C,6-Methyl-2-heptene,71.3
2-Methyl-3-heptene (trans),-0.353,0.458,1.466,0.27,-0.375,0.303,-0.156,-0.422,-0.566,0.484,0.465,-0.723,Training,87.3,7.1,CCC/C=C/C(C)C,2-Methyl-3-heptene (trans),94.4
2-Methyl-3-ethyl-2-pentene,-0.003,-0.515,-0.174,-0.105,0.742,-0.507,0.795,-2.445,-0.085,1.243,0.756,1.118,Training,95.89,0.29,CCC(=C(C)C)CC,2-Methyl-3-ethyl-2-pentene,95.6
ETHENE,-1.751,-2.082,-2.761,-0.341,1.665,1.467,-1.67,1.569,-0.719,-1.793,-1.918,1.631,Training,117.61,20.31,C=C,ETHENE,97.3
1-Hexene,-0.964,0.953,0.335,0.31,-0.168,0.563,-0.332,0.049,-0.292,-1.034,-0.441,-0.04,Training,80.56,4.16,CCCCC=C,1-Hexene,76.4
2-Hexene (trans),-0.877,0.7,0.277,-0.015,0.155,0.437,-0.385,-0.229,-0.445,-0.275,-0.507,0.094,Training,91.47,1.23,CCC/C=C/C,2-Hexene (trans),92.7
3-Methyl-1-pentene,-0.79,0.953,-0.276,0.164,0.564,0.775,-0.438,0.124,-0.468,-0.275,-0.684,0.034,Training,96.15,0.15,CC(C=C)CC,3-Methyl-1-pentene,96
3-Methyl-2-pentene (trans),-0.659,0.331,-0.416,-0.276,1.189,-0.051,-0.403,-0.764,-0.719,0.484,-0.519,1.326,Training,96.02,1.18,CC/C(=C/C)/C,3-Methyl-2-pentene (trans),97.2
4-Methyl-2-pentene,-0.746,0.439,-0.057,-0.195,0.316,0.571,-0.913,0.081,-0.441,0.484,-0.745,0.116,Training,101.93,2.63,CC=CC(C)C,4-Methyl-2-pentene,99.3
4-Methyl-2-pentene (trans),-0.746,0.439,-0.057,-0.195,0.316,0.571,-0.913,0.081,-0.441,0.484,-0.745,0.116,Training,101.93,3.93,C/C=C/C(C)C,4-Methyl-2-pentene (trans),98
"2,3-Dimethyl-2-butene",-0.527,-1.363,-1.223,-0.496,1.699,0.138,0.037,-0.946,-1.03,1.243,-0.531,1.831,Training,96.98,0.42,CC(=C(C)C)C,"2,3-Dimethyl-2-butene",97.4
1-Heptene,-0.79,0.758,1.13,0.563,-0.78,0.421,0.073,-0.037,0.05,-1.034,0.17,-0.478,Training,61.21,6.71,CCCCCC=C,1-Heptene,54.5
3-Methyl-1-hexene,-0.615,0.843,0.421,0.416,-0.163,0.586,-0.068,0.21,-0.202,-0.275,-0.115,-0.411,Training,85.75,3.55,CC(C=C)CCC,3-Methyl-1-hexene,82.2
"2,4-Dimethylhexane",-0.659,-1.062,0.677,-0.252,-1.032,0.028,1.164,0.21,0.545,1.243,0.847,-0.797,Training,62.21,2.99,CCC(CC(C)C)C,"2,4-Dimethylhexane",65.2
3-Methyl-3-ethylpentane,-0.44,-1.13,-0.263,-0.366,-0.179,-0.349,0.53,0.82,-0.647,1.243,0.772,-0.753,Training,97.42,16.62,CCC(CC)(CC)C,3-Methyl-3-ethylpentane,80.8
"2,2,3-Trimethylpentane",-0.396,-1.027,0.048,-0.463,-0.313,-0.381,0.724,1.248,-1.138,2.003,0.45,-0.745,Training,105.17,4.43,CCC(C(C)(C)C)C,"2,2,3-Trimethylpentane",109.6
Dipentene,1.745,1.329,-0.223,5.277,0.314,-0.42,2.133,-1.749,1.044,0.484,-0.244,0.146,Training,84.85,5.75,CC1=CC[C@H]2C[C@@H]1C2(C)C,Dipentene,90.6
TERT-BUTANOL,-0.527,-0.273,-1.926,-0.748,0.765,-0.129,-1.811,0.82,-0.445,0.484,-2.047,2.566,Training,100.71,4.29,CC(O)(C)C,TERT-BUTANOL,105
Butyl Levulinate,3.23,1.181,4.085,0.962,-1.237,-1.812,-0.632,-1.417,0.072,-0.275,-1.818,1.014,Training,96.55,1.45,CCCCOC(=O)CCC(=O)C,Butyl Levulinate,98
Toluene,0.871,0.559,-0.884,-0.61,1.212,1.876,-1.371,1.879,-0.67,-1.034,-0.901,0.651,Training,113.52,6.58,Cc1ccccc1,Toluene,120.1
"1,3-Dimethylbenzene",1.308,0.923,-0.427,-0.471,0.716,1.711,-1.054,1.569,-0.598,-0.275,-0.335,0.309,Training,114.19,3.31,Cc1cccc(c1)C,"1,3-Dimethylbenzene",117.5
"1,2,3-Trimethylbenzene",1.832,0.761,-0.463,-0.333,0.637,1.333,-1.037,1.055,-0.728,0.484,0.338,-0.032,Training,109.31,4.01,Cc1c(C)cccc1C,"1,2,3-Trimethylbenzene",105.3
"1,2,4-Trimethylbenzene",1.788,0.761,-0.001,-0.333,0.926,1.373,-0.949,0.959,-0.764,0.484,0.338,-0.018,Training,109.1,1.4,Cc1ccc(c(c1)C)C,"1,2,4-Trimethylbenzene",110.5
iso-Butylbenzene,1.57,1.27,0.752,-0.015,0.06,0.696,-0.086,0.809,-0.935,-0.275,0.634,-0.782,Training,104.67,6.73,CC(Cc1ccccc1)C,iso-Butylbenzene,111.4
"1,3-Diethylbenzene",1.832,1.127,0.867,-0.056,-0.021,0.044,-1.23,0.317,-0.737,-0.275,1.018,-0.53,Training,108.51,6.99,CCc1cccc(c1)CC,"1,3-Diethylbenzene",115.5
1-Methyl-2-n-propylbenzene,1.788,1.519,1.053,-0.007,0.193,0.877,0.037,0.68,-1.079,-0.275,1.018,-0.567,Training,105.12,1.62,CCCc1ccccc1C,1-Methyl-2-n-propylbenzene,103.5
1-Methyl-3-n-propylbenzene,1.745,1.519,1.425,-0.007,-0.154,0.791,-0.315,0.606,-0.571,-0.275,1.018,-0.56,Training,107.64,4.46,CCCc1cccc(c1)C,1-Methyl-3-n-propylbenzene,112.1
1-Methyl-4-isopropylbenzene,1.92,1.322,0.608,-0.186,1.006,1.648,-0.773,0.52,-0.031,0.484,0.682,-0.567,Training,110.04,0.46,Cc1ccc(cc1)C(C)C,1-Methyl-4-isopropylbenzene,110.5
2-Phenylpentane,1.876,1.252,1.958,0.221,-0.55,1.365,-0.28,0.959,0.153,-0.275,1.404,-1.265,Training,101.91,1.59,CCCC(c1ccccc1)C,2-Phenylpentane,103.5
Ethenylbenzene,1.483,-0.071,0.322,0.001,1.149,1.491,-2.181,1.622,-0.71,-1.793,-0.832,0.101,Training,107.24,8.26,C=Cc1ccccc1,Ethenylbenzene,115.5
Propenylbenzene (cis),1.745,1.287,0.098,0.286,0.894,1.396,-1.477,1.291,-0.036,-1.034,-0.359,-0.196,Training,107.35,2.05,C/C=C\c1ccccc1,Propenylbenzene (cis),105.3
"1,3,5-Trimethylcyclohexane (trans)",0.041,-0.839,-0.25,-0.024,-1.78,-0.703,0.883,0.862,0.711,0.484,0.653,-0.99,Training,71.31,2.81,CC1C[C@@H](C)C[C@@H](C1)C,"1,3,5-Trimethylcyclohexane (trans)",68.5
Ethylidenecyclohexane,0.128,0.38,0.214,0.147,-0.033,-0.782,0.636,-1.075,0.698,-1.034,0.201,0.339,Training,80.1,2.9,CC=C1CCCCC1,Ethylidenecyclohexane,83
Ethylcyclopropane,-0.877,-1.008,-0.751,-1.497,0.434,0.288,-0.156,-0.069,1.107,-1.034,-1.141,0.495,Training,92.85,9.65,CCC1CC1,Ethylcyclopropane,102.5
"1,2-Dimethylcyclopropane (trans)",-0.746,-0.888,-1.07,-1.563,0.765,0.775,-0.191,-0.722,0.581,-0.275,-1.325,0.688,Training,104.35,0.05,[C@@H]1(C)C[C@H]1C,"1,2-Dimethylcyclopropane (trans)",104.4
"1,1,2-Trimethylcyclopropane",-0.309,-0.677,-0.891,-1.375,1.285,1.074,0.513,-1.824,0.315,0.484,-1.139,0.183,Training,107.09,3.91,CC1CC1(C)C,"1,1,2-Trimethylcyclopropane",111
Ethylcyclobutane,-0.702,-1.1,-0.345,2.558,-0.424,0.272,0.724,-1.043,1.161,-1.034,-0.663,-0.092,Training,40.91,0.19,CCC1CCC1,Ethylcyclobutane,41.1
Methylcyclopentane,-0.746,-1.1,-1.024,-1.196,-0.093,-1.293,-0.456,-1.118,1.935,-1.034,-0.663,-0.07,Training,87.2,4.1,CC1CCCC1,Methylcyclopentane,91.3
Ethylcyclopentane,-0.527,-1.182,0.026,-0.944,-0.836,-1.505,-0.209,-1.471,1.894,-1.034,-0.09,-0.552,Training,63.16,4.04,CCC1CCCC1,Ethylcyclopentane,67.2
Ethylidenecyclopentane,-0.047,0.542,0.017,-0.651,-0.022,-1.246,0.09,-1.653,1.966,-1.034,-0.415,0.725,Training,78.52,3.88,CC=C1CCCC1,Ethylidenecyclopentane,82.4
"1,3-Dimethylcyclohexane (cis)",-0.265,-0.907,-0.294,-0.178,-1.575,-0.664,0.883,0.755,0.198,-0.275,0.267,-0.775,Training,68.02,3.68,[C@@H]1(C)CCC[C@@H](C1)C,"1,3-Dimethylcyclohexane (cis)",71.7
3-Ethylcyclopentene,-0.091,0.892,-0.079,-0.683,-0.287,-0.381,1.111,-0.615,1.917,-1.034,-0.649,-0.062,Training,78.13,12.67,CCC1CCC=C1,3-Ethylcyclopentene,90.8
"1,2-Dimethylcyclohexene",0.346,-0.308,-0.794,0.139,0.031,-0.161,1.798,-0.786,0.302,-0.275,0.186,1.133,Training,95.55,5.85,CC1=C(C)CCCC1,"1,2-Dimethylcyclohexene",89.7
"1,3-Cyclohexadiene",-0.047,1.014,-1.504,0.017,1.165,-0.066,-0.649,0.081,0.275,-1.793,-1.345,0.74,Training,87.93,13.13,C1CC=CC=C1,"1,3-Cyclohexadiene",74.8
beta-Pinene,1.657,1.447,-0.287,6.336,0.324,-0.247,2.52,-0.85,0.212,-0.275,-0.173,-0.144,Training,82.05,1.45,C=C1CCC2CC1C2(C)C,beta-Pinene,80.6
"2,3-Dimethyl-2-pentene",-0.265,-0.639,-0.372,-0.276,1.393,-0.145,0.231,-1.685,-1.034,1.243,0.065,1.512,Training,94.2,3.3,CCC(=C(C)C)C,"2,3-Dimethyl-2-pentene",97.5
"4,4-Dimethyl-2-pentene (trans)",-0.353,0.289,0.051,-0.121,0.357,0.288,-1.019,-0.047,-1.223,1.243,-0.505,-0.077,Training,108.75,3.45,C/C=C/C(C)(C)C,"4,4-Dimethyl-2-pentene (trans)",105.3
2-Methyl-1-heptene,-0.44,0.655,1.557,0.506,-0.498,-0.287,0.795,-0.861,-0.463,-0.275,0.86,-0.003,Training,67.83,2.37,CCCCCC(=C)C,2-Methyl-1-heptene,70.2
6-Methyl-3-heptene (trans),-0.396,0.263,1.083,0.318,-0.238,0.028,0.284,-0.839,-0.135,0.484,0.465,-0.701,Training,81.43,11.97,CC/C=C/CC(C)C,6-Methyl-3-heptene (trans),93.4
"2,2-Dimethyl-3-hexene (cis)",-0.134,0.141,-0.05,0.791,0.441,-0.876,0.284,-0.936,-0.108,1.243,0.096,-0.508,Training,101.56,5.24,CC/C=C\C(C)(C)C,"2,2-Dimethyl-3-hexene (cis)",106.8
"3-Methyl-1,2-butadiene",-0.527,0.93,-1.017,-0.439,2.313,1.176,-0.174,-0.144,-0.827,-0.275,-1.127,2.41,Training,97.16,36.16,C=C=C(C)C,"3-Methyl-1,2-butadiene",61
2-Ethyl-1-butene,-0.702,0.439,-0.551,-0.056,1.341,-0.035,-0.684,-1.128,-0.58,-0.275,-0.453,1.111,Training,93.61,4.69,CCC(=C)CC,2-Ethyl-1-butene,98.3
"3,3-Dimethyl-1-butene",-0.615,0.594,-0.765,-0.056,1.256,0.366,-1.283,0.402,-0.94,0.484,-0.956,0.049,Training,102.36,9.34,C=CC(C)(C)C,"3,3-Dimethyl-1-butene",111.7
3-Heptene (cis),-0.659,0.373,0.669,0.188,0.116,-0.404,0.002,-0.839,0.027,-0.275,0.093,-0.404,Training,77.93,12.27,CCC/C=C\CC,3-Heptene (cis),90.2
2-Methyl-2-hexene,-0.527,0.474,0.545,-0.072,0.483,0.256,0.002,-0.711,-0.279,0.484,0.079,0.799,Training,91.11,1.69,CCCC=C(C)C,2-Methyl-2-hexene,92.8
3-Methyl-2-hexene (cis),-0.484,0.474,0.046,-0.015,0.445,-0.106,0.02,-1.118,-0.522,0.484,0.079,0.821,Training,95.61,3.41,CCC/C(=C\C)/C,3-Methyl-2-hexene (cis),92.2
2-Methylhexane,-0.964,-1.121,0.819,-0.398,-1.199,-0.098,0.935,0.274,0.338,0.484,0.447,-0.597,Training,47.36,4.96,CCCCC(C)C,2-Methylhexane,42.4
"3,3-Dimethylpentane",-0.702,-1.17,-0.278,-0.642,0.012,-0.46,0.213,1.162,-1.093,1.243,0.079,-0.337,Training,98.59,17.79,CCC(CC)(C)C,"3,3-Dimethylpentane",80.8
iso-Propylbenzene,1.483,1.061,-0.061,-0.325,0.532,1.758,-0.966,1.248,-0.049,-0.275,-0.041,-0.277,Training,115.02,1.92,CC(c1ccccc1)C,iso-Propylbenzene,113.1
1-Methyl-3-ethylbenzene,1.57,1.381,0.587,-0.26,0.35,0.838,-1.195,0.862,-0.602,-0.275,0.294,-0.136,Training,111.06,1.04,CCc1cccc(c1)C,1-Methyl-3-ethylbenzene,112.1
"1,4-Diethylbenzene",1.832,1.127,1.234,-0.056,0.888,0.052,-1.248,-0.197,-1.066,-0.275,1.018,-0.53,Training,108.29,2.29,CCc1ccc(cc1)CC,"1,4-Diethylbenzene",106
Ethylcycloheptane,-0.178,-1.309,0.592,1.784,-1.567,-1.034,1.059,-0.882,0.36,-1.034,1.341,-1.28,Training,32.15,3.15,CCC1CCCCCC1,Ethylcycloheptane,29
Pinane,1.22,-0.44,-0.411,7.688,-0.231,0.012,3.136,-0.754,0.675,0.484,0.097,-1.035,Training,74.56,3.14,CC1CCC2CC1C2(C)C,Pinane,77.7
Methylcyclopropane,-1.096,-0.907,-1.646,-1.75,0.875,0.571,-0.596,0.135,1.008,-1.034,-1.525,1.111,Training,106.05,3.55,CC1CC1,Methylcyclopropane,102.5
"1,1,2,2-Tetramethylcyclopropane",0.172,-1.001,-1.096,-1.188,1.627,1.491,1.076,-2.862,-0.247,1.243,-0.935,-0.04,Training,109.73,4.43,CC1(C)CC1(C)C,"1,1,2,2-Tetramethylcyclopropane",105.3
Isopropenylcyclopropane,-0.178,1.047,-0.965,-0.781,1.324,0.547,0.548,-0.347,0.243,-1.034,-1.088,1.282,Training,96.59,2.09,CC(=C)C1CC1,Isopropenylcyclopropane,94.5
Cyclopentane,-1.052,-2.082,-1.824,-1.375,0.175,-1.034,-1.001,-0.914,1.786,-1.793,-0.938,0.435,Training,95.44,5.86,C1CCCC1,Cyclopentane,101.3
Cyclohexane,-0.877,-2.082,-1.534,-0.431,-0.155,-0.467,0.213,0.349,0.567,-1.793,-0.418,-0.144,Training,75.15,7.85,C1CCCCC1,Cyclohexane,83
Ethylcyclohexane,-0.353,-1.25,0.387,-0.015,-1.454,-0.577,1.2,0.349,0.374,-1.034,0.578,-0.96,Training,42.79,2.81,CCC1CCCCC1,Ethylcyclohexane,45.6
"1,1-Dimethylcyclohexane",-0.178,-1.065,-0.824,-0.284,-0.384,-0.806,0.636,0.948,-0.045,-0.275,0.201,-0.767,Training,86.32,0.98,CC1(C)CCCCC1,"1,1-Dimethylcyclohexane",87.3
"1,2-Dimethylcyclohexane (trans)",-0.222,-0.907,-0.742,-0.162,-1.224,-0.648,0.918,0.702,-0.243,-0.275,0.267,-0.767,Training,77.8,3.1,[C@@H]1(C)CCCC[C@H]1C,"1,2-Dimethylcyclohexane (trans)",80.9
"1,4-Dimethylcyclohexane (trans)",-0.265,-0.907,-0.195,-0.178,-1.009,-0.68,0.9,0.68,0.135,-0.275,0.267,-0.753,Training,72.1,3.8,[C@@H]1(C)CC[C@H](CC1)C,"1,4-Dimethylcyclohexane (trans)",68.3
iso-Propylcyclohexane,-0.047,-0.956,0.053,0.099,-1.87,-0.861,0.953,0.98,0.257,-0.275,0.988,-1.168,Training,55.03,7.77,CC(C1CCCCC1)C,iso-Propylcyclohexane,62.8
1-Methyl-1-ethylcyclohexane,0.084,-1.123,0.309,-0.007,-0.964,-0.923,0.83,1.044,-0.009,-0.275,0.911,-1.057,Training,67.46,1.24,CCC1(C)CCCCC1,1-Methyl-1-ethylcyclohexane,68.7
1-Methylcyclopentene,-0.265,0.676,-1.056,-0.944,0.744,-0.224,0.478,-0.807,1.746,-1.034,-0.937,1.282,Training,94.34,0.74,CC1=CCCC1,1-Methylcyclopentene,93.6
4-Methylcyclohexene,-0.178,0.892,-0.764,0.62,0.078,-0.412,0.707,-0.079,0.126,-1.034,-0.649,-0.099,Training,86.62,2.52,CC1CCC=CC1,4-Methylcyclohexene,84.1
"1,3-Cyclopentadiene",-0.222,0.899,-1.737,-1.318,1.179,1.569,-0.632,0.969,1.048,-1.793,-1.681,1.289,Training,107.42,3.92,C1C=CC=C1,"1,3-Cyclopentadiene",103.5
"1,4-Cyclohexadiene",-0.091,0.343,-1.53,1.426,1.435,-0.019,-0.737,0.359,-0.274,-1.793,-1.345,0.74,Training,83.14,7.74,C1=CCC=CC1,"1,4-Cyclohexadiene",75.4
"1-Methyl-1,4-cyclohexadiene",0.303,1.057,-0.803,1.206,1.161,0.091,0.284,-0.154,-0.288,-1.034,-0.924,1.074,Training,88.85,13.85,CC1=CCC=CC1,"1-Methyl-1,4-cyclohexadiene",75
4-Methyl-1-pentyne,-0.527,0.676,-0.023,-0.789,0.865,-0.019,-1.389,0.937,-0.27,-0.275,0.049,0.472,Training,100.74,9.44,CC(CC#C)C,4-Methyl-1-pentyne,91.3
4-Octene (trans),-0.484,0.336,1.57,0.449,-0.796,0.154,0.231,-0.818,-0.809,-0.275,0.788,-0.842,Training,69.51,3.79,CCC/C=C/CCC,4-Octene (trans),73.3
"2,4,4-Trimethyl-1-pentene",-0.178,0.655,-0.574,0.123,0.66,-0.255,-0.209,-0.615,-1.669,1.243,0.159,0.22,Training,102.33,3.67,CC(=C)CC(C)(C)C,"2,4,4-Trimethyl-1-pentene",106
"2,5-Dimethyl-1,5-hexadiene",-0.003,0.982,0.154,1.059,1.607,0.177,0.073,-1.942,-1.691,-0.275,0.237,0.495,Training,96.23,6.03,CC(=C)CCC(=C)C,"2,5-Dimethyl-1,5-hexadiene",90.2
PROPENE,-1.533,0.725,-1.898,-0.406,1.462,1.097,-1.354,1.002,-0.58,-1.034,-1.708,1.512,Training,101.87,0.57,CC=C,PROPENE,101.3
4-Methyl-1-pentene,-0.877,0.953,-0.268,0.18,0.535,0.382,-0.015,0.177,-0.189,-0.275,-0.684,0.064,Training,91.66,4.04,C=CCC(C)C,4-Methyl-1-pentene,95.7
4-Methyl-2-pentene (cis),-0.746,0.439,-0.511,-0.113,1.078,0.311,-0.984,0.177,-0.369,0.484,-0.745,0.116,Training,102.28,2.58,C/C=C\C(C)C,4-Methyl-2-pentene (cis),99.7
2-Methylbutane,-1.314,-1.238,-0.931,-0.911,0.209,0.335,0.02,0.606,-0.355,0.484,-0.758,0.383,Training,97.19,4.89,CCC(C)C,2-Methylbutane,92.3
3-Methylpentane,-1.096,-1.14,-0.298,-0.626,-0.402,0.295,0.671,0.295,-0.238,0.484,-0.203,-0.099,Training,82.27,7.77,CCC(CC)C,3-Methylpentane,74.5
3-Methylheptane,-0.746,-1.13,1.478,-0.113,-1.622,-0.161,1.534,0.017,0.455,0.484,1.192,-0.923,Training,30.55,3.75,CCCCC(CC)C,3-Methylheptane,26.8
3-Ethylhexane,-0.702,-1.13,0.656,-0.089,-1.566,0.343,1.323,-0.112,0.419,0.484,1.192,-0.931,Training,44.71,11.21,CCCC(CC)CC,3-Ethylhexane,33.5
2-Methyl-3-ethylpentane,-0.571,-1.062,-0.128,-0.186,-0.889,0.185,1.076,-0.037,0.126,1.243,0.847,-0.775,Training,80.94,6.36,CCC(C(C)C)CC,2-Methyl-3-ethylpentane,87.3
"2,4-Dimethyl-3-ethylpentane",-0.265,-1.154,0.123,0.612,-1.039,-1.207,1.393,-0.54,-0.904,2.003,1.275,-0.99,Training,96.18,9.12,CCC(C(C)C)C(C)C,"2,4-Dimethyl-3-ethylpentane",105.3
2-Methyldecane,-0.265,-1.212,4.177,0.628,-3.295,-1.081,2.256,-0.39,0.985,0.484,3.995,-1.866,Training,12.32,12.32,CCCCCCCCC(C)C,2-Methyldecane,0
ISOPROPANOL,-1.008,-0.054,-1.912,-0.219,0.808,0.453,-1.987,0.852,-0.099,-0.275,-2.091,2.923,Training,107.02,1.02,CC(O)C,ISOPROPANOL,106
2-METHYL-2-BUTANOL,-0.265,-0.029,-0.8,-0.488,0.45,-0.499,-1.477,0.509,-0.701,0.484,-1.848,2.18,Training,103.55,6.55,CCC(O)(C)C,2-METHYL-2-BUTANOL,97
2-Methyltetrahydrofuran,0.128,-0.012,-1.067,0.042,0.174,-1.026,-0.949,-0.443,1.899,-1.034,-1.942,1.905,Training,88.89,2.89,CC1CCCO1,2-Methyltetrahydrofuran,86
Methyl Pentanoate,1.22,0.627,1.475,0.571,-0.309,0.256,-1.512,0.092,-0.256,-1.034,-1.539,1.445,Training,101.33,3.67,CCCCC(=O)OC,Methyl Pentanoate,105
"2,5-dimethylfuran",1.963,1.259,-0.6,-0.032,1.187,3.983,0.442,0.895,0.518,-0.275,-1.781,1.512,Training,118.9,0.1,Cc1ccc(o1)C,"2,5-Dimethylfuran",119
"2,5-dimethylfuran",1.963,1.259,-0.6,-0.032,1.187,3.983,0.442,0.895,0.518,-0.275,-1.781,1.512,Training,118.9,0.1,Cc1ccc(o1)C,"2,5-dimethylfuran",119
"1,1,3-Trimethylcyclopentane",-0.047,-0.663,-0.211,-0.96,-0.33,-2.315,0.319,-1.086,1.417,0.484,-0.087,-0.723,Validation,89.26,1.56,CC1CCC(C1)(C)C,"1,1,3-Trimethylcyclopentane",87.7
"1,3-Dimethylcyclohexane (trans)",-0.265,-0.907,-0.486,-0.154,-0.837,-0.672,0.671,0.616,0.504,-0.275,0.267,-0.775,Validation,75.82,8.92,[C@@H]1(C)CCC[C@H](C1)C,"1,3-Dimethylcyclohexane (trans)",66.9
3-Octene (trans),-0.484,0.336,1.741,0.449,-0.993,0.288,0.09,-0.968,-0.099,-0.275,0.788,-0.849,Validation,60.59,11.91,CCCC/C=C/CC,3-Octene (trans),72.5
iso-Butylcyclohexane,0.084,-1.008,0.927,0.359,-1.794,-1.041,1.781,0.616,1.255,-0.275,1.802,-1.54,Validation,36.44,2.74,CC(CC1CCCCC1)C,iso-Butylcyclohexane,33.7
N-BUTANOL,-1.052,0.159,-0.285,0.685,-0.003,0.264,-1.354,0.702,0.113,-0.275,-1.908,2.574,Validation,92.76,5.24,CCCCO,N-BUTANOL,98
"2,5-Dimethyl-2,4-hexadiene",0.215,0.15,0.286,0.025,1.087,-0.027,0.495,-1.995,-0.548,1.243,0.082,1.126,Validation,97.59,3.29,CC(=CC=C(C)C)C,"2,5-Dimethyl-2,4-hexadiene",94.3
n-Propylcyclopentane,-0.353,-1.25,0.904,-0.683,-1.299,-1.788,0.495,-1.514,2.497,-1.034,0.578,-0.931,Validation,32.19,0.99,CCCC1CCCC1,n-Propylcyclopentane,31.2
2-Butyne,-0.877,-1.018,-1.331,-0.561,1.717,0.877,-2.463,1.826,-1.205,-0.275,-1.323,1.193,Validation,110.51,24.61,CC#CC,2-Butyne,85.9
n-Butylcyclopentane,-0.178,-1.309,1.847,-0.431,-1.947,-2.072,0.953,-1.696,2.6,-1.034,1.341,-1.28,Validation,0.39,3.39,CCCCC1CCCC1,n-Butylcyclopentane,-3
"cis,cis,trans-1,2,3-trimethylcyclohexane",0.128,-0.839,-0.522,-0.007,-1.164,-0.758,0.953,0.841,-0.103,0.484,0.653,-0.99,Validation,87.38,1.18,CC1[C@H](C)CCC[C@H]1C,"cis,cis,trans-1,2,3-trimethylcyclohexane",86.2
tert-Butylbenzene,1.92,1.003,0.24,-0.26,0.392,1.105,-0.949,1.462,-0.656,0.484,0.252,-0.671,Validation,111.97,3.53,CC(c1ccccc1)(C)C,tert-Butylbenzene,115.5
3-Ethylpentane,-0.877,-1.121,-0.29,-0.366,-0.912,0.602,1.041,0.295,0.009,0.484,0.447,-0.589,Validation,71,6,CCC(CC)CC,3-Ethylpentane,65
¦Ã-Valerolactone,1.876,1.181,-0.606,-1.058,0.377,-0.711,-1.547,-0.133,1.8,-1.034,-2.025,2.306,Validation,93.41,6.59,CC1CCC(=O)O1,?-Valerolactone,100
1-Ethylcyclopentene,-0.003,0.448,0.013,-0.732,0.313,-0.53,0.689,-1.289,1.476,-1.034,-0.415,0.755,Validation,90.22,0.08,CCC1=CCCC1,1-Ethylcyclopentene,90.3
sec-Butylbenzene,1.701,1.27,0.889,-0.032,0.226,1.711,-0.403,1.087,-0.045,-0.275,0.634,-0.738,Validation,109.76,2.96,CCC(c1ccccc1)C,sec-Butylbenzene,106.8
iso-Butane,-1.533,-1.666,-1.931,-1.196,0.608,0.343,-0.72,0.905,-0.135,0.484,-1.219,1.037,Validation,104.72,4.42,CC(C)C,iso-Butane,100.3
3-Heptene (trans),-0.659,0.373,0.889,0.188,-0.316,0.366,-0.332,-0.797,-0.283,-0.275,0.093,-0.404,Validation,79.78,10.02,CCC/C=C/CC,3-Heptene (trans),89.8
1-Butene,-1.314,0.979,-1.206,-0.203,1.15,0.877,-1.195,0.349,-0.283,-1.034,-1.38,0.985,Validation,95.54,1.86,CCC=C,1-Butene,97.4
3-Ethyl-2-pentene,-0.396,0.251,-0.15,-0.072,0.891,-0.467,-0.368,-1.685,-0.072,0.484,0.079,0.866,Validation,97.27,3.57,CCC(=CC)CC,3-Ethyl-2-pentene,93.7
3-Ethyl-1-pentene,-0.571,0.843,-0.149,0.4,0.154,0.854,0.037,0.103,-0.036,-0.275,-0.115,-0.411,Validation,87.5,8.1,CCC(C=C)CC,3-Ethyl-1-pentene,95.6
ISOBUTANOL,-0.964,0.159,-1.171,0.563,0.6,0.272,-1.6,0.969,-0.139,0.484,-1.964,2.536,Validation,102.75,2.25,OCC(C)C,ISOBUTANOL,105
2-Butene (cis),-1.27,-0.029,-1.482,-0.48,1.26,0.5,-0.878,0.691,-0.171,-0.275,-1.424,1.156,Validation,98.57,1.43,C/C=C\C,2-Butene (cis),100
6-Methyl-1-heptene,-0.527,0.967,1.449,0.726,-0.94,0.248,0.442,-0.026,-0.396,-0.275,0.548,-0.775,Validation,66.51,2.91,C=CCCCC(C)C,6-Methyl-1-heptene,63.6
"2,3,3-Trimethyl-1-butene",-0.178,0.512,-0.948,-0.113,1.688,0.516,-1.283,-0.186,-1.25,1.243,-0.451,0.703,Validation,100.74,4.56,CC(=C)C(C)(C)C,"2,3,3-Trimethyl-1-butene",105.3
"1,4-Dimethyl-2-ethylbenzene",2.051,1.216,0.462,-0.121,0.653,0.578,-0.544,0.584,-0.922,0.484,1.069,-0.522,Validation,105.54,0.46,CCc1cc(C)ccc1C,"1,4-Dimethyl-2-ethylbenzene",106
"3,4-Dimethyl-1-pentene",-0.484,0.758,-0.233,0.27,0.544,0.374,-0.632,0.402,-0.733,0.484,-0.382,-0.255,Validation,99.94,1.04,C=CC(C(C)C)C,"3,4-Dimethyl-1-pentene",98.9
5-Methyl-1-hexene,-0.702,1.068,0.764,0.465,-0.253,0.453,0.055,0.231,-0.463,-0.275,-0.115,-0.411,Validation,80.62,5.12,C=CCCC(C)C,5-Methyl-1-hexene,75.5
"2,4,4-Trimethyl-2-pentene",-0.003,0.136,-0.246,-0.072,0.475,-0.428,-0.385,-0.55,-0.319,2.003,0.082,0.799,Validation,104.76,1.26,CC(=CC(C)(C)C)C,"2,4,4-Trimethyl-2-pentene",103.5
Methylcyclohexane,-0.571,-1.182,-0.72,-0.3,-0.758,-0.554,0.601,0.509,0.225,-1.034,-0.09,-0.552,Validation,74.16,0.64,CC1CCCCC1,Methylcyclohexane,74.8
"4,4-Dimethyl-1-pentene",-0.527,0.758,-0.093,0.229,0.612,-0.145,-0.544,0.606,-0.697,0.484,-0.439,-0.389,Validation,97.75,6.65,C=CCC(C)(C)C,"4,4-Dimethyl-1-pentene",104.4
Vinylcyclopentane,-0.222,0.636,0.147,-0.129,0.222,-1.238,-0.984,-1.503,2.034,-1.793,-0.586,-0.27,Validation,72.59,3.29,C=CC1CCCC1,Vinylcyclopentane,69.3
"2,2-Dimethylbutane ",-0.964,-1.285,-0.812,-0.919,0.514,-0.255,-0.139,1.205,-1.016,1.243,-0.519,0.124,Validation,103.38,11.58,CCC(C)(C)C,"2,2-Dimethylbutane ",91.8
"1,3-Dimethylcyclopentane (trans)",-0.44,-0.862,-0.519,-1.025,-0.533,-1.765,-0.068,-1.289,2.173,-0.275,-0.358,-0.374,Validation,79.18,1.42,[C@@H]1(C)CC[C@H](C1)C,"1,3-Dimethylcyclopentane (trans)",80.6
2-Octene,-0.527,0.458,1.879,0.498,-1.083,0.225,0.425,-0.401,0.239,-0.275,0.788,-0.901,Validation,50.38,5.92,CCCCCC=CC,2-Octene,56.3
Indene,2.531,1.839,-0.146,-0.602,0.823,2.002,-0.051,1.772,1.665,-1.793,-0.765,0.042,Validation,111.57,2.13,c1ccc2c(c1)C=CC2,Indene,113.7
"3,3-Diethylpentane",-0.178,-1.123,-0.283,-0.089,-0.583,-0.263,0.759,0.541,0.117,1.243,1.56,-1.072,Validation,89.12,5.12,CCC(CC)(CC)CC,"3,3-Diethylpentane",84
"1,2-Dimethyl-3-ethylbenzene",2.094,1.216,0.49,-0.121,0.314,0.681,-0.773,0.691,-0.791,0.484,1.069,-0.515,Validation,108.84,4.44,CCc1cccc(c1C)C,"1,2-Dimethyl-3-ethylbenzene",104.4
2-Methyl-1-pentene,-0.79,0.96,-0.173,-0.007,0.635,0.343,-0.227,-0.679,-1.165,-0.275,-0.453,1.066,Validation,94.75,0.55,CCCC(=C)C,2-Methyl-1-pentene,94.2
"2,4-Dimethyl-1-pentene",-0.527,0.819,-0.422,0.123,0.458,-0.074,0.777,-0.347,-1.655,0.484,-0.129,0.71,Validation,97.22,1.98,CC(CC(=C)C)C,"2,4-Dimethyl-1-pentene",99.2
"2,5-Dimethyl-2-hexene",-0.265,0.404,0.282,0.05,0.59,-0.121,0.372,-1.053,-0.315,1.243,0.45,0.688,Validation,99,3.8,CC(CC=C(C)C)C,"2,5-Dimethyl-2-hexene",95.2
"2,3-Dimethyl-1-hexene",-0.222,0.728,0.787,0.367,0.093,0.492,-0.139,-0.518,-0.868,0.484,0.533,0.138,Validation,95.63,0.67,CCCC(C(=C)C)C,"2,3-Dimethyl-1-hexene",96.3
"2,4-Dimethylpentane",-0.877,-1.17,-0.357,-0.512,-0.715,0.052,0.53,0.21,0.248,1.243,0.144,-0.352,Validation,84.02,0.92,CC(CC(C)C)C,"2,4-Dimethylpentane",83.1
2-Methyl-2-butene,-0.921,-0.273,-0.994,-0.48,1.464,0.461,-0.42,-0.133,-0.508,0.484,-1.023,1.891,Validation,98.49,1.19,CC=C(C)C,2-Methyl-2-butene,97.3
"2,3-Dimethyl-1,3-butadiene",-0.178,0.826,-1.168,-0.04,1.592,0.917,-0.861,-0.197,-1.502,-0.275,-0.91,1.156,Validation,97.72,1.48,CC(=C)C(=C)C,"2,3-Dimethyl-1,3-butadiene",99.2
3-Methyl-3-hexene (cis),-0.44,0.251,-0.08,-0.129,0.556,0.225,0.178,-0.829,-0.409,0.484,0.079,0.844,Validation,95.41,0.59,CC/C=C(\CC)/C,3-Methyl-3-hexene (cis),96
"3,3-Dimethyl-1-pentene",-0.353,0.758,-0.276,0.221,0.758,0.256,-0.949,0.37,-1.237,0.484,-0.439,-0.381,Validation,102.5,1,CCC(C=C)(C)C,"3,3-Dimethyl-1-pentene",103.5
n-Propylbenzene,1.308,1.285,1.053,-0.146,0.292,1.011,-0.614,0.82,-0.881,-1.034,0.249,-0.322,Validation,107.48,3.52,CCCc1ccccc1,n-Propylbenzene,111
1-Methyl-3-ethylcyclopentane,-0.222,-0.907,0.56,-0.773,-1.053,-1.954,0.09,-1.653,1.917,-0.275,0.267,-0.775,Validation,58.69,1.09,CCC1CCC(C1)C,1-Methyl-3-ethylcyclopentane,57.6
3-Methyl-3-hexene (trans),-0.44,0.251,0.166,-0.129,0.532,0.067,-0.526,-1.353,-0.575,0.484,0.079,0.844,Validation,97.41,1.01,CC/C=C(/CC)\C,3-Methyl-3-hexene (trans),96.4
1-PENTANOL,-0.877,-0.029,0.52,0.945,-0.654,-0.035,-1.054,0.552,0.365,-0.275,-1.659,2.054,Validation,75.67,2.33,CCCCCO,1-PENTANOL,78
4-Methyl-1-hexene,-0.659,1.068,0.44,0.522,-0.269,0.633,0.601,0.049,-0.432,-0.275,-0.115,-0.411,Validation,80.99,5.41,CC(CC)CC=C,4-Methyl-1-hexene,86.4
"1,4-Dimethylcyclohexane (cis)",-0.265,-0.907,-0.408,-0.154,-0.816,-0.79,0.724,0.713,0.113,-0.275,0.267,-0.753,Test,77.62,10.42,[C@@H]1(C)CC[C@@H](CC1)C,"1,4-Dimethylcyclohexane (cis)",67.2
Ethyl Levulinate,2.881,1.216,2.23,0.449,-0.284,-0.64,-1.899,-0.893,-0.364,-0.275,-2.115,1.735,Test,110.12,0.12,CCOC(=O)CCC(=O)C,Ethyl Levulinate,110
2-Methylfuran,1.395,1.931,-1.178,-0.26,1.412,4.227,-0.385,0.927,0.176,-1.034,-1.857,1.727,Test,119.88,16.88,Cc1ccco1,2-Methylfuran,103
4-Methyl-2-hexene (trans),-0.527,0.596,0.511,0.09,0.077,0.633,-0.156,-0.101,-0.827,0.484,-0.188,-0.277,Test,96.38,0.42,C/C=C/C(CC)C,4-Methyl-2-hexene (trans),96.8
alpha-Pinene,1.745,1.329,-0.125,6.344,0.25,-0.554,2.362,-1.664,0.914,0.484,-0.244,0.146,Test,89.91,6.81,CC1=CCC2CC1C2(C)C,alpha-Pinene,83.1
"2,2,3,3-Tetramethylhexane",0.259,-1.128,1.084,-0.211,-0.631,-0.9,0.618,2.018,-1.669,2.762,1.563,-1.116,Test,109.64,3.16,CCCC(C(C)(C)C)(C)C,"2,2,3,3-Tetramethylhexane",112.8
2-Methylpentane,-1.139,-1.14,-0.074,-0.659,-0.716,0.146,0.319,0.563,0.027,0.484,-0.203,-0.099,Test,72.58,0.82,CCCC(C)C,2-Methylpentane,73.4
Vinylcyclohexane,-0.047,0.427,0.513,0.774,-0.392,-0.106,0.002,0.21,0.018,-1.793,0.001,-0.604,Test,65.71,1.41,C=CC1CCCCC1,Vinylcyclohexane,64.3
"2,4-Hexadiene",-0.484,0.826,0.337,-0.048,0.872,0.602,-0.42,-0.347,-0.094,-0.275,-1.001,0.68,Test,96.29,0.81,C/C=C/C=C/C,"2,4-Hexadiene",97.1
"3,4,4-Trimethyl-2-pentene",0.128,0.136,-0.007,-0.072,0.803,0.264,-0.966,-0.582,-1.709,2.003,0.082,0.784,Test,105.03,2.53,CC=C(C(C)(C)C)C,"3,4,4-Trimethyl-2-pentene",102.5
1-Pentene,-1.139,1.118,-0.407,0.05,0.382,0.72,-0.737,0.21,-0.274,-1.034,-0.958,0.376,Test,88.24,2.66,CCCC=C,1-Pentene,90.9
"cis,cis,trans-1,2,4-Trimethylcyclopentane",-0.091,-0.858,-0.362,-0.822,-0.866,-1.545,0.707,-1.428,0.81,0.484,-0.024,-0.582,Test,95.45,6.25,[C@@H]1(C)C[C@H]([C@H](C1)C)C,"cis,cis,trans-1,2,4-Trimethylcyclopentane",89.2
2-Methyl-1-hexene,-0.615,0.819,0.738,0.245,-0.024,0.004,0.372,-0.807,-0.89,-0.275,0.156,0.502,Test,85.32,5.38,CCCCC(=C)C,2-Methyl-1-hexene,90.7
3-Methyl-2-ethyl-1-butene,-0.353,0.512,-0.616,0.082,1.54,0.201,-1.195,-1,-0.904,0.484,-0.129,0.74,Test,98.29,1.29,CCC(=C)C(C)C,3-Methyl-2-ethyl-1-butene,97
3-Methyl-2-hexene (trans),-0.484,0.474,0.393,-0.024,0.487,-0.129,0.178,-1.139,-1.057,0.484,0.079,0.821,Test,95.77,4.37,CCC/C(=C/C)/C,3-Methyl-2-hexene (trans),91.4
"2,3-Dimethyl-1-butene",-0.615,0.7,-1.067,-0.129,1.766,0.799,-1.089,-0.368,-0.697,0.484,-0.696,1.207,Test,98.84,2.46,CC(=C)C(C)C,"2,3-Dimethyl-1-butene",101.3
Isopropylcyclopropane,-0.571,-0.839,-0.989,-1.367,0.518,0.067,-0.174,-0.39,0.994,-0.275,-0.889,0.131,Test,101.32,1.02,CC(C1CC1)C,Isopropylcyclopropane,100.3
"2,2-Dimethyl-3-ethylpentane",-0.178,-0.931,0.207,-0.121,-0.989,-0.743,2.256,0.07,0.194,2.003,1.195,-1.079,Test,94.66,17.44,CCC(C(C)(C)C)CC,"2,2-Dimethyl-3-ethylpentane",112.1
"1,2-Dimethylcyclohexane (cis)",-0.222,-0.907,-0.678,-0.146,-0.572,-0.743,0.724,0.648,0.131,-0.275,0.267,-0.767,Test,83.14,2.24,[C@@H]1(C)CCCC[C@@H]1C,"1,2-Dimethylcyclohexane (cis)",80.9
"2,3,3-Trimethyl-1-pentene",0.084,0.655,-0.169,0.172,1.177,0.366,-0.614,-0.561,-1.628,1.243,0.159,0.213,Test,103.95,1.35,CCC(C(=C)C)(C)C,"2,3,3-Trimethyl-1-pentene",105.3
"3,3-Dimethylhexane",-0.527,-1.13,0.646,-0.39,-0.689,-0.491,0.513,0.991,-0.175,1.243,0.772,-0.76,Test,77.43,1.93,CCCC(CC)(C)C,"3,3-Dimethylhexane",75.5
"3,3,5-Trimethylcyclohexene",0.609,0.841,-0.149,0.628,-0.476,-0.798,1.393,-0.015,0.104,0.484,-0.071,-0.842,Test,100.73,4.23,CC1CC=CC(C1)(C)C,"3,3,5-Trimethylcyclohexene",96.5
3-Methylhexane,-0.921,-1.121,0.57,-0.366,-0.995,0.122,1.006,0.22,0.36,0.484,0.447,-0.589,Test,54.24,2.24,CCCC(CC)C,3-Methylhexane,52
"2,5-Dimethyl-3-hexene (trans)",-0.222,-0.054,0.268,0.09,-0.076,0.201,-0.684,-0.165,-0.679,1.243,0.161,-0.53,Test,102.74,2.94,CC(/C=C/C(C)C)C,"2,5-Dimethyl-3-hexene (trans)",99.8
"cis,trans,trans-1,2,4-trimethylcyclohexane",0.084,-0.839,0.116,-0.04,-1.686,-0.782,1.164,0.959,-0.031,0.484,0.653,-0.99,Test,74.38,1.58,[C@@H]1(C)CC[C@H]([C@@H](C1)C)C,"cis,trans,trans-1,2,4-trimethylcyclohexane",72.8
"1,2,3-Trimethylcyclohexane (cis,trans,cis)",0.128,-0.839,-0.34,-0.024,-1.902,-0.75,1.164,0.98,-0.405,0.484,0.653,-0.99,Test,80.9,2.5,[C@@H]1(C)[C@@H](C)CCC[C@H]1C,"1,2,3-Trimethylcyclohexane (cis,trans,cis)",83.4
"2,2-Dimethylpropane",-1.227,-1.687,-1.944,-1.196,0.804,-0.058,-0.544,1.333,-0.634,1.243,-1.023,0.614,Outliers,,,CC(C)(C)C,"2,2-Dimethylpropane",85.5
tert-Butylcyclohexane,0.346,-0.761,0.17,0.123,-1.674,-1.096,0.724,1.654,-0.076,0.484,1.344,-1.421,Outliers,,,CC(C1CCCCC1)(C)C,tert-Butylcyclohexane,98.5
tert-Amylcyclohexane,0.609,-0.816,0.941,0.4,-1.665,-1.317,0.918,1.537,0.509,0.484,2.202,-1.718,Outliers,,,CCC(C1CCCCC1)(C)C,tert-Amylcyclohexane,90.4
Dicyclopentadiene,2.269,1.458,-0.655,-0.895,0.279,-3.094,0.284,-1.246,3.316,-1.793,-1.107,-0.456,Outliers,,,C1=CC2C(C1)C1C=CC2C1,Dicyclopentadiene,107.4
2-Methyldecane,-0.265,-1.212,4.177,0.628,-3.295,-1.081,2.256,-0.39,0.985,0.484,3.995,-1.866,Outliers,,,CCCCCCCCC(C)C ,2-Methyldecane,0
